participant_id,image_id,image_path,mask_id,mask_path,xmin,xmax,ymin,ymax,prompt_type,X,Y,label1,label2,label3,label4,label5,label6,label7,label8,label9,label10,best_label,scene_desc
6,2,/Users/162191/Documents/GitHub/human_patterns_exploration/data/images/2unexp.jpg,1,/Users/162191/Documents/GitHub/human_patterns_exploration/outputs/masks_gaze_driven/best/IMG_2_unexp_Part_6_MASK_1_point_0.7944.png,176,269,285,338,point,211.0,317.6,[Giraffe],[Giraffe],[Giraffe],[Giraffe],[Giraffe],[Giraffe],[Giraffe],[Giraffe],[Giraffe],[Giraffe],[Giraffe],"1. Scene Overview: 
   The image depicts a bright and airy living room with a predominantly white color scheme. The room is well-lit, featuring a large window that allows natural light to flood the space. The decor is minimalist with a touch of elegance, highlighted by a chandelier and a piece of artwork on the wall.

2. Identified Objects:
   - Sofa: Positioned on the right side of the room, adorned with several cushions in white and dark colors.
   - Coffee Table: In front of the sofa, featuring a white lattice design, with a bowl of fruit and a small plant on top.
   - Chandelier: Hanging from the ceiling in the center of the room.
   - Artwork: A painting or print on the wall above the sofa, depicting two hands reaching towards each other.
   - Armchair: Located to the left of the sofa, near the window, with a dark fabric cover.
   - Window: On the left wall, allowing natural light into the room.
   - Radiator: Below the window.
   - Side Table: To the left of the window, holding a lamp and some books.
   - Lamp: On the side table, with a white shade.
   - Plant: A potted plant on the floor near the armchair.
   - Floor Lamp: On the right side of the sofa, with a white shade.
   - Rug: A white rug on the floor in front of the sofa.
   - Books/Magazines: On the table to the right, partially visible."
6,2,/Users/162191/Documents/GitHub/human_patterns_exploration/data/images/2unexp.jpg,9,/Users/162191/Documents/GitHub/human_patterns_exploration/outputs/masks_gaze_driven/best/IMG_2_unexp_Part_6_MASK_9_point_0.9347.png,0,30,384,431,point,0.7,405.3,Poster,Poster,Poster,Poster,Poster,Poster,Poster,Poster,Poster,Poster,Poster,"1. Scene Overview: 
   The image depicts a bright and airy living room with a predominantly white color scheme. The room is well-lit, featuring a large window that allows natural light to flood the space. The decor is minimalist with a touch of elegance, highlighted by a chandelier and a piece of artwork on the wall.

2. Identified Objects:
   - Sofa: Positioned on the right side of the room, adorned with several cushions in white and dark colors.
   - Coffee Table: In front of the sofa, featuring a white lattice design, with a bowl of fruit and a small plant on top.
   - Chandelier: Hanging from the ceiling in the center of the room.
   - Artwork: A painting or print on the wall above the sofa, depicting two hands reaching towards each other.
   - Armchair: Located to the left of the sofa, near the window, with a dark fabric cover.
   - Window: On the left wall, allowing natural light into the room.
   - Radiator: Below the window.
   - Side Table: To the left of the window, holding a lamp and some books.
   - Lamp: On the side table, with a white shade.
   - Plant: A potted plant on the floor near the armchair.
   - Floor Lamp: On the right side of the sofa, with a white shade.
   - Rug: A white rug on the floor in front of the sofa.
   - Books/Magazines: On the table to the right, partially visible."
6,2,/Users/162191/Documents/GitHub/human_patterns_exploration/data/images/2unexp.jpg,6,/Users/162191/Documents/GitHub/human_patterns_exploration/outputs/masks_gaze_driven/best/IMG_2_unexp_Part_6_MASK_6_point_0.9552.png,650,724,356,439,point,696.1,380.9,Pillow,Pillow,Pillow,Pillow,Pillow,Pillow,Pillow,Pillow,Pillow,Pillow,Pillow,"1. Scene Overview: 
   The image depicts a bright and airy living room with a predominantly white color scheme. The room is well-lit, featuring a large window that allows natural light to flood the space. The decor is minimalist with a touch of elegance, highlighted by a chandelier and a piece of artwork on the wall.

2. Identified Objects:
   - Sofa: Positioned on the right side of the room, adorned with several cushions in white and dark colors.
   - Coffee Table: In front of the sofa, featuring a white lattice design, with a bowl of fruit and a small plant on top.
   - Chandelier: Hanging from the ceiling in the center of the room.
   - Artwork: A painting or print on the wall above the sofa, depicting two hands reaching towards each other.
   - Armchair: Located to the left of the sofa, near the window, with a dark fabric cover.
   - Window: On the left wall, allowing natural light into the room.
   - Radiator: Below the window.
   - Side Table: To the left of the window, holding a lamp and some books.
   - Lamp: On the side table, with a white shade.
   - Plant: A potted plant on the floor near the armchair.
   - Floor Lamp: On the right side of the sofa, with a white shade.
   - Rug: A white rug on the floor in front of the sofa.
   - Books/Magazines: On the table to the right, partially visible."
6,2,/Users/162191/Documents/GitHub/human_patterns_exploration/data/images/2unexp.jpg,10,/Users/162191/Documents/GitHub/human_patterns_exploration/outputs/masks_gaze_driven/best/IMG_2_unexp_Part_6_MASK_10_point_0.7605.png,401,447,362,410,point,402.7,386.6,Plant,Plant,Plant,Plant,Plant,Plant,Plant,Plant,Plant,Plant,Plant,"1. Scene Overview: 
   The image depicts a bright and airy living room with a predominantly white color scheme. The room is well-lit, featuring a large window that allows natural light to flood the space. The decor is minimalist with a touch of elegance, highlighted by a chandelier and a piece of artwork on the wall.

2. Identified Objects:
   - Sofa: Positioned on the right side of the room, adorned with several cushions in white and dark colors.
   - Coffee Table: In front of the sofa, featuring a white lattice design, with a bowl of fruit and a small plant on top.
   - Chandelier: Hanging from the ceiling in the center of the room.
   - Artwork: A painting or print on the wall above the sofa, depicting two hands reaching towards each other.
   - Armchair: Located to the left of the sofa, near the window, with a dark fabric cover.
   - Window: On the left wall, allowing natural light into the room.
   - Radiator: Below the window.
   - Side Table: To the left of the window, holding a lamp and some books.
   - Lamp: On the side table, with a white shade.
   - Plant: A potted plant on the floor near the armchair.
   - Floor Lamp: On the right side of the sofa, with a white shade.
   - Rug: A white rug on the floor in front of the sofa.
   - Books/Magazines: On the table to the right, partially visible."
6,2,/Users/162191/Documents/GitHub/human_patterns_exploration/data/images/2unexp.jpg,14,/Users/162191/Documents/GitHub/human_patterns_exploration/outputs/masks_gaze_driven/best/IMG_2_unexp_Part_6_MASK_14_point_0.8283.png,114,192,213,346,point,167.8,314.7,[Bird],[Bird],[Bread],[Bird],Bird,[Bird],[Bird],Bird,[Bird],[Bird],[Bird],"1. Scene Overview: 
   The image depicts a bright and airy living room with a predominantly white color scheme. The room is well-lit, featuring a large window that allows natural light to flood the space. The decor is minimalist with a touch of elegance, highlighted by a chandelier and a piece of artwork on the wall.

2. Identified Objects:
   - Sofa: Positioned on the right side of the room, adorned with several cushions in white and dark colors.
   - Coffee Table: In front of the sofa, featuring a white lattice design, with a bowl of fruit and a small plant on top.
   - Chandelier: Hanging from the ceiling in the center of the room.
   - Artwork: A painting or print on the wall above the sofa, depicting two hands reaching towards each other.
   - Armchair: Located to the left of the sofa, near the window, with a dark fabric cover.
   - Window: On the left wall, allowing natural light into the room.
   - Radiator: Below the window.
   - Side Table: To the left of the window, holding a lamp and some books.
   - Lamp: On the side table, with a white shade.
   - Plant: A potted plant on the floor near the armchair.
   - Floor Lamp: On the right side of the sofa, with a white shade.
   - Rug: A white rug on the floor in front of the sofa.
   - Books/Magazines: On the table to the right, partially visible."
6,2,/Users/162191/Documents/GitHub/human_patterns_exploration/data/images/2unexp.jpg,5,/Users/162191/Documents/GitHub/human_patterns_exploration/outputs/masks_gaze_driven/best/IMG_2_unexp_Part_6_MASK_5_point_0.6552.png,771,799,354,415,point,774.6,382.6,[Tree],[Tree],[Giraffe],Reindeer,Reindeer,[Tree],[Tree],Reindeer,[Giraffe],[Tree],[Tree],"1. Scene Overview: 
   The image depicts a bright and airy living room with a predominantly white color scheme. The room is well-lit, featuring a large window that allows natural light to flood the space. The decor is minimalist with a touch of elegance, highlighted by a chandelier and a piece of artwork on the wall.

2. Identified Objects:
   - Sofa: Positioned on the right side of the room, adorned with several cushions in white and dark colors.
   - Coffee Table: In front of the sofa, featuring a white lattice design, with a bowl of fruit and a small plant on top.
   - Chandelier: Hanging from the ceiling in the center of the room.
   - Artwork: A painting or print on the wall above the sofa, depicting two hands reaching towards each other.
   - Armchair: Located to the left of the sofa, near the window, with a dark fabric cover.
   - Window: On the left wall, allowing natural light into the room.
   - Radiator: Below the window.
   - Side Table: To the left of the window, holding a lamp and some books.
   - Lamp: On the side table, with a white shade.
   - Plant: A potted plant on the floor near the armchair.
   - Floor Lamp: On the right side of the sofa, with a white shade.
   - Rug: A white rug on the floor in front of the sofa.
   - Books/Magazines: On the table to the right, partially visible."
6,2,/Users/162191/Documents/GitHub/human_patterns_exploration/data/images/2unexp.jpg,13,/Users/162191/Documents/GitHub/human_patterns_exploration/outputs/masks_gaze_driven/best/IMG_2_unexp_Part_6_MASK_13_cross_0.2481.png,175,269,284,338,cross,197.4,315.7,[Giraffe],[Giraffe],[Giraffe],[Giraffe],[Giraffe],[Giraffe],[Deer],[Giraffe],Giraffe,Faucet,[Giraffe],"1. Scene Overview: 
   The image depicts a bright and airy living room with a predominantly white color scheme. The room is well-lit, featuring a large window that allows natural light to flood the space. The decor is minimalist with a touch of elegance, highlighted by a chandelier and a piece of artwork on the wall.

2. Identified Objects:
   - Sofa: Positioned on the right side of the room, adorned with several cushions in white and dark colors.
   - Coffee Table: In front of the sofa, featuring a white lattice design, with a bowl of fruit and a small plant on top.
   - Chandelier: Hanging from the ceiling in the center of the room.
   - Artwork: A painting or print on the wall above the sofa, depicting two hands reaching towards each other.
   - Armchair: Located to the left of the sofa, near the window, with a dark fabric cover.
   - Window: On the left wall, allowing natural light into the room.
   - Radiator: Below the window.
   - Side Table: To the left of the window, holding a lamp and some books.
   - Lamp: On the side table, with a white shade.
   - Plant: A potted plant on the floor near the armchair.
   - Floor Lamp: On the right side of the sofa, with a white shade.
   - Rug: A white rug on the floor in front of the sofa.
   - Books/Magazines: On the table to the right, partially visible."
6,2,/Users/162191/Documents/GitHub/human_patterns_exploration/data/images/2unexp.jpg,3,/Users/162191/Documents/GitHub/human_patterns_exploration/outputs/masks_gaze_driven/best/IMG_2_unexp_Part_6_MASK_3_point_0.8338.png,470,488,415,429,point,481.9,420.4,Apple,Apple,Apple,Apple,Apple,Apple,Apple,Apple,Apple,Apple,Apple,"1. Scene Overview: 
   The image depicts a bright and airy living room with a predominantly white color scheme. The room is well-lit, featuring a large window that allows natural light to flood the space. The decor is minimalist with a touch of elegance, highlighted by a chandelier and a piece of artwork on the wall.

2. Identified Objects:
   - Sofa: Positioned on the right side of the room, adorned with several cushions in white and dark colors.
   - Coffee Table: In front of the sofa, featuring a white lattice design, with a bowl of fruit and a small plant on top.
   - Chandelier: Hanging from the ceiling in the center of the room.
   - Artwork: A painting or print on the wall above the sofa, depicting two hands reaching towards each other.
   - Armchair: Located to the left of the sofa, near the window, with a dark fabric cover.
   - Window: On the left wall, allowing natural light into the room.
   - Radiator: Below the window.
   - Side Table: To the left of the window, holding a lamp and some books.
   - Lamp: On the side table, with a white shade.
   - Plant: A potted plant on the floor near the armchair.
   - Floor Lamp: On the right side of the sofa, with a white shade.
   - Rug: A white rug on the floor in front of the sofa.
   - Books/Magazines: On the table to the right, partially visible."
6,2,/Users/162191/Documents/GitHub/human_patterns_exploration/data/images/2unexp.jpg,12,/Users/162191/Documents/GitHub/human_patterns_exploration/outputs/masks_gaze_driven/best/IMG_2_unexp_Part_6_MASK_12_point_0.8906.png,208,269,285,338,point,220.2,332.2,Giraffe,Giraffe,Giraffe,Giraffe,Giraffe,Giraffe,[Giraffe],Giraffe,[Giraffe],[Giraffe],Giraffe,"1. Scene Overview: 
   The image depicts a bright and airy living room with a predominantly white color scheme. The room is well-lit, featuring a large window that allows natural light to flood the space. The decor is minimalist with a touch of elegance, highlighted by a chandelier and a piece of artwork on the wall.

2. Identified Objects:
   - Sofa: Positioned on the right side of the room, adorned with several cushions in white and dark colors.
   - Coffee Table: In front of the sofa, featuring a white lattice design, with a bowl of fruit and a small plant on top.
   - Chandelier: Hanging from the ceiling in the center of the room.
   - Artwork: A painting or print on the wall above the sofa, depicting two hands reaching towards each other.
   - Armchair: Located to the left of the sofa, near the window, with a dark fabric cover.
   - Window: On the left wall, allowing natural light into the room.
   - Radiator: Below the window.
   - Side Table: To the left of the window, holding a lamp and some books.
   - Lamp: On the side table, with a white shade.
   - Plant: A potted plant on the floor near the armchair.
   - Floor Lamp: On the right side of the sofa, with a white shade.
   - Rug: A white rug on the floor in front of the sofa.
   - Books/Magazines: On the table to the right, partially visible."
6,2,/Users/162191/Documents/GitHub/human_patterns_exploration/data/images/2unexp.jpg,11,/Users/162191/Documents/GitHub/human_patterns_exploration/outputs/masks_gaze_driven/best/IMG_2_unexp_Part_6_MASK_11_point_0.7963.png,254,273,320,373,point,262.2,361.4,[Plant],Flowers,[Plant],Plant,Flowers,Flowers,Plant,[Plant],Flowers,Flowers,Flowers,"1. Scene Overview: 
   The image depicts a bright and airy living room with a predominantly white color scheme. The room is well-lit, featuring a large window that allows natural light to flood the space. The decor is minimalist with a touch of elegance, highlighted by a chandelier and a piece of artwork on the wall.

2. Identified Objects:
   - Sofa: Positioned on the right side of the room, adorned with several cushions in white and dark colors.
   - Coffee Table: In front of the sofa, featuring a white lattice design, with a bowl of fruit and a small plant on top.
   - Chandelier: Hanging from the ceiling in the center of the room.
   - Artwork: A painting or print on the wall above the sofa, depicting two hands reaching towards each other.
   - Armchair: Located to the left of the sofa, near the window, with a dark fabric cover.
   - Window: On the left wall, allowing natural light into the room.
   - Radiator: Below the window.
   - Side Table: To the left of the window, holding a lamp and some books.
   - Lamp: On the side table, with a white shade.
   - Plant: A potted plant on the floor near the armchair.
   - Floor Lamp: On the right side of the sofa, with a white shade.
   - Rug: A white rug on the floor in front of the sofa.
   - Books/Magazines: On the table to the right, partially visible."
6,2,/Users/162191/Documents/GitHub/human_patterns_exploration/data/images/2unexp.jpg,2,/Users/162191/Documents/GitHub/human_patterns_exploration/outputs/masks_gaze_driven/best/IMG_2_unexp_Part_6_MASK_2_point_0.9348.png,292,387,313,463,point,355.0,368.5,Chair,Chair,Chair,Chair,Chair,Chair,Chair,Chair,Chair,Chair,Chair,"1. Scene Overview: 
   The image depicts a bright and airy living room with a predominantly white color scheme. The room is well-lit, featuring a large window that allows natural light to flood the space. The decor is minimalist with a touch of elegance, highlighted by a chandelier and a piece of artwork on the wall.

2. Identified Objects:
   - Sofa: Positioned on the right side of the room, adorned with several cushions in white and dark colors.
   - Coffee Table: In front of the sofa, featuring a white lattice design, with a bowl of fruit and a small plant on top.
   - Chandelier: Hanging from the ceiling in the center of the room.
   - Artwork: A painting or print on the wall above the sofa, depicting two hands reaching towards each other.
   - Armchair: Located to the left of the sofa, near the window, with a dark fabric cover.
   - Window: On the left wall, allowing natural light into the room.
   - Radiator: Below the window.
   - Side Table: To the left of the window, holding a lamp and some books.
   - Lamp: On the side table, with a white shade.
   - Plant: A potted plant on the floor near the armchair.
   - Floor Lamp: On the right side of the sofa, with a white shade.
   - Rug: A white rug on the floor in front of the sofa.
   - Books/Magazines: On the table to the right, partially visible."
6,2,/Users/162191/Documents/GitHub/human_patterns_exploration/data/images/2unexp.jpg,7,/Users/162191/Documents/GitHub/human_patterns_exploration/outputs/masks_gaze_driven/best/IMG_2_unexp_Part_6_MASK_7_point_0.7504.png,34,66,327,433,point,57.8,412.5,Lamp,Lamp,Lamp,Lamp,Lamp,Lamp,Lamp,Lamp,Lamp,Lamp,Lamp,"1. Scene Overview: 
   The image depicts a bright and airy living room with a predominantly white color scheme. The room is well-lit, featuring a large window that allows natural light to flood the space. The decor is minimalist with a touch of elegance, highlighted by a chandelier and a piece of artwork on the wall.

2. Identified Objects:
   - Sofa: Positioned on the right side of the room, adorned with several cushions in white and dark colors.
   - Coffee Table: In front of the sofa, featuring a white lattice design, with a bowl of fruit and a small plant on top.
   - Chandelier: Hanging from the ceiling in the center of the room.
   - Artwork: A painting or print on the wall above the sofa, depicting two hands reaching towards each other.
   - Armchair: Located to the left of the sofa, near the window, with a dark fabric cover.
   - Window: On the left wall, allowing natural light into the room.
   - Radiator: Below the window.
   - Side Table: To the left of the window, holding a lamp and some books.
   - Lamp: On the side table, with a white shade.
   - Plant: A potted plant on the floor near the armchair.
   - Floor Lamp: On the right side of the sofa, with a white shade.
   - Rug: A white rug on the floor in front of the sofa.
   - Books/Magazines: On the table to the right, partially visible."
6,2,/Users/162191/Documents/GitHub/human_patterns_exploration/data/images/2unexp.jpg,0,/Users/162191/Documents/GitHub/human_patterns_exploration/outputs/masks_gaze_driven/best/IMG_2_unexp_Part_6_MASK_0_cross_0.3388.png,294,377,313,442,cross,322.7,350.1,Chair,Chair,Chair,Chair,Chair,Chair,Chair,Chair,Chair,Chair,Chair,"1. Scene Overview: 
   The image depicts a bright and airy living room with a predominantly white color scheme. The room is well-lit, featuring a large window that allows natural light to flood the space. The decor is minimalist with a touch of elegance, highlighted by a chandelier and a piece of artwork on the wall.

2. Identified Objects:
   - Sofa: Positioned on the right side of the room, adorned with several cushions in white and dark colors.
   - Coffee Table: In front of the sofa, featuring a white lattice design, with a bowl of fruit and a small plant on top.
   - Chandelier: Hanging from the ceiling in the center of the room.
   - Artwork: A painting or print on the wall above the sofa, depicting two hands reaching towards each other.
   - Armchair: Located to the left of the sofa, near the window, with a dark fabric cover.
   - Window: On the left wall, allowing natural light into the room.
   - Radiator: Below the window.
   - Side Table: To the left of the window, holding a lamp and some books.
   - Lamp: On the side table, with a white shade.
   - Plant: A potted plant on the floor near the armchair.
   - Floor Lamp: On the right side of the sofa, with a white shade.
   - Rug: A white rug on the floor in front of the sofa.
   - Books/Magazines: On the table to the right, partially visible."
6,2,/Users/162191/Documents/GitHub/human_patterns_exploration/data/images/2unexp.jpg,4,/Users/162191/Documents/GitHub/human_patterns_exploration/outputs/masks_gaze_driven/best/IMG_2_unexp_Part_6_MASK_4_point_0.9055.png,596,799,454,599,point,742.7,468.9,Magazines,Magazines,Magazines,Magazines,Magazines,Magazines,Magazines,Magazines,Magazines,Magazines,Magazines,"1. Scene Overview: 
   The image depicts a bright and airy living room with a predominantly white color scheme. The room is well-lit, featuring a large window that allows natural light to flood the space. The decor is minimalist with a touch of elegance, highlighted by a chandelier and a piece of artwork on the wall.

2. Identified Objects:
   - Sofa: Positioned on the right side of the room, adorned with several cushions in white and dark colors.
   - Coffee Table: In front of the sofa, featuring a white lattice design, with a bowl of fruit and a small plant on top.
   - Chandelier: Hanging from the ceiling in the center of the room.
   - Artwork: A painting or print on the wall above the sofa, depicting two hands reaching towards each other.
   - Armchair: Located to the left of the sofa, near the window, with a dark fabric cover.
   - Window: On the left wall, allowing natural light into the room.
   - Radiator: Below the window.
   - Side Table: To the left of the window, holding a lamp and some books.
   - Lamp: On the side table, with a white shade.
   - Plant: A potted plant on the floor near the armchair.
   - Floor Lamp: On the right side of the sofa, with a white shade.
   - Rug: A white rug on the floor in front of the sofa.
   - Books/Magazines: On the table to the right, partially visible."
6,2,/Users/162191/Documents/GitHub/human_patterns_exploration/data/images/2unexp.jpg,8,/Users/162191/Documents/GitHub/human_patterns_exploration/outputs/masks_gaze_driven/best/IMG_2_unexp_Part_6_MASK_8_triangle_0.8264.png,0,30,384,431,triangle,16.0,411.7,Poster,Poster,Poster,Poster,Poster,Poster,Poster,Poster,Poster,Poster,Poster,"1. Scene Overview: 
   The image depicts a bright and airy living room with a predominantly white color scheme. The room is well-lit, featuring a large window that allows natural light to flood the space. The decor is minimalist with a touch of elegance, highlighted by a chandelier and a piece of artwork on the wall.

2. Identified Objects:
   - Sofa: Positioned on the right side of the room, adorned with several cushions in white and dark colors.
   - Coffee Table: In front of the sofa, featuring a white lattice design, with a bowl of fruit and a small plant on top.
   - Chandelier: Hanging from the ceiling in the center of the room.
   - Artwork: A painting or print on the wall above the sofa, depicting two hands reaching towards each other.
   - Armchair: Located to the left of the sofa, near the window, with a dark fabric cover.
   - Window: On the left wall, allowing natural light into the room.
   - Radiator: Below the window.
   - Side Table: To the left of the window, holding a lamp and some books.
   - Lamp: On the side table, with a white shade.
   - Plant: A potted plant on the floor near the armchair.
   - Floor Lamp: On the right side of the sofa, with a white shade.
   - Rug: A white rug on the floor in front of the sofa.
   - Books/Magazines: On the table to the right, partially visible."
6,2,/Users/162191/Documents/GitHub/human_patterns_exploration/data/images/2unexp.jpg,1,/Users/162191/Documents/GitHub/human_patterns_exploration/outputs/masks_gaze_driven/best/IMG_2_unexp_Part_6_MASK_1_point_0.7944.png,176,269,285,338,point,211.0,317.6,[Giraffe],[Giraffe],[Giraffe],[Giraffe],[Giraffe],[Giraffe],[Giraffe],[Giraffe],[Giraffe],[Giraffe],[Giraffe],"1. Scene Overview: 
   The image depicts a bright, modern living room with a predominantly white color scheme. The room is well-lit with natural light coming through a large window. The decor is minimalistic with a touch of elegance, featuring a mix of contemporary and classic elements.

2. Identified Objects:
   - Sofa: Positioned on the right side of the room, covered with white cushions and a few decorative pillows.
   - Coffee Table: In front of the sofa, white with a lattice design, holding a bowl of fruit and a small plant.
   - Armchair: Located near the window, with a dark cushion or cover.
   - Window: Large, allowing natural light to fill the room, situated on the left wall.
   - Radiator: Below the window.
   - Chandelier: Hanging from the ceiling, centrally located, with a classic design.
   - Wall Art: Above the sofa, depicting a famous artwork.
   - Side Tables: One on the left with a lamp and books, another on the right with a lamp and magazines.
   - Lamps: One on each side table, with white shades.
   - Plants: Several small potted plants, one near the armchair and another on the right side table.
   - Rug: A white rug on the floor in front of the sofa.
   - Books and Magazines: On the left side table and the right side table."
6,2,/Users/162191/Documents/GitHub/human_patterns_exploration/data/images/2unexp.jpg,9,/Users/162191/Documents/GitHub/human_patterns_exploration/outputs/masks_gaze_driven/best/IMG_2_unexp_Part_6_MASK_9_point_0.9347.png,0,30,384,431,point,0.7,405.3,Poster,Poster,Poster,Poster,Poster,Poster,Poster,Poster,Poster,Poster,Poster,"1. Scene Overview: 
   The image depicts a bright, modern living room with a predominantly white color scheme. The room is well-lit with natural light coming through a large window. The decor is minimalistic with a touch of elegance, featuring a mix of contemporary and classic elements.

2. Identified Objects:
   - Sofa: Positioned on the right side of the room, covered with white cushions and a few decorative pillows.
   - Coffee Table: In front of the sofa, white with a lattice design, holding a bowl of fruit and a small plant.
   - Armchair: Located near the window, with a dark cushion or cover.
   - Window: Large, allowing natural light to fill the room, situated on the left wall.
   - Radiator: Below the window.
   - Chandelier: Hanging from the ceiling, centrally located, with a classic design.
   - Wall Art: Above the sofa, depicting a famous artwork.
   - Side Tables: One on the left with a lamp and books, another on the right with a lamp and magazines.
   - Lamps: One on each side table, with white shades.
   - Plants: Several small potted plants, one near the armchair and another on the right side table.
   - Rug: A white rug on the floor in front of the sofa.
   - Books and Magazines: On the left side table and the right side table."
6,2,/Users/162191/Documents/GitHub/human_patterns_exploration/data/images/2unexp.jpg,6,/Users/162191/Documents/GitHub/human_patterns_exploration/outputs/masks_gaze_driven/best/IMG_2_unexp_Part_6_MASK_6_point_0.9552.png,650,724,356,439,point,696.1,380.9,Pillow,Pillow,Pillow,Pillow,Pillow,Pillow,Pillow,Pillow,Pillow,Pillow,Pillow,"1. Scene Overview: 
   The image depicts a bright, modern living room with a predominantly white color scheme. The room is well-lit with natural light coming through a large window. The decor is minimalistic with a touch of elegance, featuring a mix of contemporary and classic elements.

2. Identified Objects:
   - Sofa: Positioned on the right side of the room, covered with white cushions and a few decorative pillows.
   - Coffee Table: In front of the sofa, white with a lattice design, holding a bowl of fruit and a small plant.
   - Armchair: Located near the window, with a dark cushion or cover.
   - Window: Large, allowing natural light to fill the room, situated on the left wall.
   - Radiator: Below the window.
   - Chandelier: Hanging from the ceiling, centrally located, with a classic design.
   - Wall Art: Above the sofa, depicting a famous artwork.
   - Side Tables: One on the left with a lamp and books, another on the right with a lamp and magazines.
   - Lamps: One on each side table, with white shades.
   - Plants: Several small potted plants, one near the armchair and another on the right side table.
   - Rug: A white rug on the floor in front of the sofa.
   - Books and Magazines: On the left side table and the right side table."
6,2,/Users/162191/Documents/GitHub/human_patterns_exploration/data/images/2unexp.jpg,10,/Users/162191/Documents/GitHub/human_patterns_exploration/outputs/masks_gaze_driven/best/IMG_2_unexp_Part_6_MASK_10_point_0.7605.png,401,447,362,410,point,402.7,386.6,Plant,Plant,Plant,Plant,Plant,Plant,Plant,Plant,Plant,Plant,Plant,"1. Scene Overview: 
   The image depicts a bright, modern living room with a predominantly white color scheme. The room is well-lit with natural light coming through a large window. The decor is minimalistic with a touch of elegance, featuring a mix of contemporary and classic elements.

2. Identified Objects:
   - Sofa: Positioned on the right side of the room, covered with white cushions and a few decorative pillows.
   - Coffee Table: In front of the sofa, white with a lattice design, holding a bowl of fruit and a small plant.
   - Armchair: Located near the window, with a dark cushion or cover.
   - Window: Large, allowing natural light to fill the room, situated on the left wall.
   - Radiator: Below the window.
   - Chandelier: Hanging from the ceiling, centrally located, with a classic design.
   - Wall Art: Above the sofa, depicting a famous artwork.
   - Side Tables: One on the left with a lamp and books, another on the right with a lamp and magazines.
   - Lamps: One on each side table, with white shades.
   - Plants: Several small potted plants, one near the armchair and another on the right side table.
   - Rug: A white rug on the floor in front of the sofa.
   - Books and Magazines: On the left side table and the right side table."
6,2,/Users/162191/Documents/GitHub/human_patterns_exploration/data/images/2unexp.jpg,14,/Users/162191/Documents/GitHub/human_patterns_exploration/outputs/masks_gaze_driven/best/IMG_2_unexp_Part_6_MASK_14_point_0.8283.png,114,192,213,346,point,167.8,314.7,[Bird],[Bird],Bird,[Bird],Bird,Bird,[Bird],[Bird],Bird,[Bird],[Bird],"1. Scene Overview: 
   The image depicts a bright, modern living room with a predominantly white color scheme. The room is well-lit with natural light coming through a large window. The decor is minimalistic with a touch of elegance, featuring a mix of contemporary and classic elements.

2. Identified Objects:
   - Sofa: Positioned on the right side of the room, covered with white cushions and a few decorative pillows.
   - Coffee Table: In front of the sofa, white with a lattice design, holding a bowl of fruit and a small plant.
   - Armchair: Located near the window, with a dark cushion or cover.
   - Window: Large, allowing natural light to fill the room, situated on the left wall.
   - Radiator: Below the window.
   - Chandelier: Hanging from the ceiling, centrally located, with a classic design.
   - Wall Art: Above the sofa, depicting a famous artwork.
   - Side Tables: One on the left with a lamp and books, another on the right with a lamp and magazines.
   - Lamps: One on each side table, with white shades.
   - Plants: Several small potted plants, one near the armchair and another on the right side table.
   - Rug: A white rug on the floor in front of the sofa.
   - Books and Magazines: On the left side table and the right side table."
6,2,/Users/162191/Documents/GitHub/human_patterns_exploration/data/images/2unexp.jpg,5,/Users/162191/Documents/GitHub/human_patterns_exploration/outputs/masks_gaze_driven/best/IMG_2_unexp_Part_6_MASK_5_point_0.6552.png,771,799,354,415,point,774.6,382.6,[Tree],[Giraffe],[Giraffe],[Tree],[Giraffe],[Giraffe],[Reindeer],[Tree],[Tree],[Giraffe],[Giraffe],"1. Scene Overview: 
   The image depicts a bright, modern living room with a predominantly white color scheme. The room is well-lit with natural light coming through a large window. The decor is minimalistic with a touch of elegance, featuring a mix of contemporary and classic elements.

2. Identified Objects:
   - Sofa: Positioned on the right side of the room, covered with white cushions and a few decorative pillows.
   - Coffee Table: In front of the sofa, white with a lattice design, holding a bowl of fruit and a small plant.
   - Armchair: Located near the window, with a dark cushion or cover.
   - Window: Large, allowing natural light to fill the room, situated on the left wall.
   - Radiator: Below the window.
   - Chandelier: Hanging from the ceiling, centrally located, with a classic design.
   - Wall Art: Above the sofa, depicting a famous artwork.
   - Side Tables: One on the left with a lamp and books, another on the right with a lamp and magazines.
   - Lamps: One on each side table, with white shades.
   - Plants: Several small potted plants, one near the armchair and another on the right side table.
   - Rug: A white rug on the floor in front of the sofa.
   - Books and Magazines: On the left side table and the right side table."
6,2,/Users/162191/Documents/GitHub/human_patterns_exploration/data/images/2unexp.jpg,13,/Users/162191/Documents/GitHub/human_patterns_exploration/outputs/masks_gaze_driven/best/IMG_2_unexp_Part_6_MASK_13_cross_0.2481.png,175,269,284,338,cross,197.4,315.7,[Giraffe],[Giraffe],[Giraffe],[Giraffe],[Giraffe],[Giraffe],[Giraffe],[Giraffe],Giraffe,[Giraffe],[Giraffe],"1. Scene Overview: 
   The image depicts a bright, modern living room with a predominantly white color scheme. The room is well-lit with natural light coming through a large window. The decor is minimalistic with a touch of elegance, featuring a mix of contemporary and classic elements.

2. Identified Objects:
   - Sofa: Positioned on the right side of the room, covered with white cushions and a few decorative pillows.
   - Coffee Table: In front of the sofa, white with a lattice design, holding a bowl of fruit and a small plant.
   - Armchair: Located near the window, with a dark cushion or cover.
   - Window: Large, allowing natural light to fill the room, situated on the left wall.
   - Radiator: Below the window.
   - Chandelier: Hanging from the ceiling, centrally located, with a classic design.
   - Wall Art: Above the sofa, depicting a famous artwork.
   - Side Tables: One on the left with a lamp and books, another on the right with a lamp and magazines.
   - Lamps: One on each side table, with white shades.
   - Plants: Several small potted plants, one near the armchair and another on the right side table.
   - Rug: A white rug on the floor in front of the sofa.
   - Books and Magazines: On the left side table and the right side table."
6,2,/Users/162191/Documents/GitHub/human_patterns_exploration/data/images/2unexp.jpg,3,/Users/162191/Documents/GitHub/human_patterns_exploration/outputs/masks_gaze_driven/best/IMG_2_unexp_Part_6_MASK_3_point_0.8338.png,470,488,415,429,point,481.9,420.4,Apple,Apple,Apple,Apple,Apple,Apple,Apple,Apple,Apple,Apple,Apple,"1. Scene Overview: 
   The image depicts a bright, modern living room with a predominantly white color scheme. The room is well-lit with natural light coming through a large window. The decor is minimalistic with a touch of elegance, featuring a mix of contemporary and classic elements.

2. Identified Objects:
   - Sofa: Positioned on the right side of the room, covered with white cushions and a few decorative pillows.
   - Coffee Table: In front of the sofa, white with a lattice design, holding a bowl of fruit and a small plant.
   - Armchair: Located near the window, with a dark cushion or cover.
   - Window: Large, allowing natural light to fill the room, situated on the left wall.
   - Radiator: Below the window.
   - Chandelier: Hanging from the ceiling, centrally located, with a classic design.
   - Wall Art: Above the sofa, depicting a famous artwork.
   - Side Tables: One on the left with a lamp and books, another on the right with a lamp and magazines.
   - Lamps: One on each side table, with white shades.
   - Plants: Several small potted plants, one near the armchair and another on the right side table.
   - Rug: A white rug on the floor in front of the sofa.
   - Books and Magazines: On the left side table and the right side table."
6,2,/Users/162191/Documents/GitHub/human_patterns_exploration/data/images/2unexp.jpg,12,/Users/162191/Documents/GitHub/human_patterns_exploration/outputs/masks_gaze_driven/best/IMG_2_unexp_Part_6_MASK_12_point_0.8906.png,208,269,285,338,point,220.2,332.2,Giraffe,[Giraffe],Giraffe,[Giraffe],Giraffe,[Giraffe],Giraffe,Giraffe,[Giraffe],Giraffe,Giraffe,"1. Scene Overview: 
   The image depicts a bright, modern living room with a predominantly white color scheme. The room is well-lit with natural light coming through a large window. The decor is minimalistic with a touch of elegance, featuring a mix of contemporary and classic elements.

2. Identified Objects:
   - Sofa: Positioned on the right side of the room, covered with white cushions and a few decorative pillows.
   - Coffee Table: In front of the sofa, white with a lattice design, holding a bowl of fruit and a small plant.
   - Armchair: Located near the window, with a dark cushion or cover.
   - Window: Large, allowing natural light to fill the room, situated on the left wall.
   - Radiator: Below the window.
   - Chandelier: Hanging from the ceiling, centrally located, with a classic design.
   - Wall Art: Above the sofa, depicting a famous artwork.
   - Side Tables: One on the left with a lamp and books, another on the right with a lamp and magazines.
   - Lamps: One on each side table, with white shades.
   - Plants: Several small potted plants, one near the armchair and another on the right side table.
   - Rug: A white rug on the floor in front of the sofa.
   - Books and Magazines: On the left side table and the right side table."
6,2,/Users/162191/Documents/GitHub/human_patterns_exploration/data/images/2unexp.jpg,11,/Users/162191/Documents/GitHub/human_patterns_exploration/outputs/masks_gaze_driven/best/IMG_2_unexp_Part_6_MASK_11_point_0.7963.png,254,273,320,373,point,262.2,361.4,Flowers,Plant,Flowers,Plant,Plant,[Plant],Flowers,[Plant],Plant,[Plant],Plant,"1. Scene Overview: 
   The image depicts a bright, modern living room with a predominantly white color scheme. The room is well-lit with natural light coming through a large window. The decor is minimalistic with a touch of elegance, featuring a mix of contemporary and classic elements.

2. Identified Objects:
   - Sofa: Positioned on the right side of the room, covered with white cushions and a few decorative pillows.
   - Coffee Table: In front of the sofa, white with a lattice design, holding a bowl of fruit and a small plant.
   - Armchair: Located near the window, with a dark cushion or cover.
   - Window: Large, allowing natural light to fill the room, situated on the left wall.
   - Radiator: Below the window.
   - Chandelier: Hanging from the ceiling, centrally located, with a classic design.
   - Wall Art: Above the sofa, depicting a famous artwork.
   - Side Tables: One on the left with a lamp and books, another on the right with a lamp and magazines.
   - Lamps: One on each side table, with white shades.
   - Plants: Several small potted plants, one near the armchair and another on the right side table.
   - Rug: A white rug on the floor in front of the sofa.
   - Books and Magazines: On the left side table and the right side table."
6,2,/Users/162191/Documents/GitHub/human_patterns_exploration/data/images/2unexp.jpg,2,/Users/162191/Documents/GitHub/human_patterns_exploration/outputs/masks_gaze_driven/best/IMG_2_unexp_Part_6_MASK_2_point_0.9348.png,292,387,313,463,point,355.0,368.5,Chair,Chair,Chair,Chair,Chair,Chair,Chair,Chair,Chair,Chair,Chair,"1. Scene Overview: 
   The image depicts a bright, modern living room with a predominantly white color scheme. The room is well-lit with natural light coming through a large window. The decor is minimalistic with a touch of elegance, featuring a mix of contemporary and classic elements.

2. Identified Objects:
   - Sofa: Positioned on the right side of the room, covered with white cushions and a few decorative pillows.
   - Coffee Table: In front of the sofa, white with a lattice design, holding a bowl of fruit and a small plant.
   - Armchair: Located near the window, with a dark cushion or cover.
   - Window: Large, allowing natural light to fill the room, situated on the left wall.
   - Radiator: Below the window.
   - Chandelier: Hanging from the ceiling, centrally located, with a classic design.
   - Wall Art: Above the sofa, depicting a famous artwork.
   - Side Tables: One on the left with a lamp and books, another on the right with a lamp and magazines.
   - Lamps: One on each side table, with white shades.
   - Plants: Several small potted plants, one near the armchair and another on the right side table.
   - Rug: A white rug on the floor in front of the sofa.
   - Books and Magazines: On the left side table and the right side table."
6,2,/Users/162191/Documents/GitHub/human_patterns_exploration/data/images/2unexp.jpg,7,/Users/162191/Documents/GitHub/human_patterns_exploration/outputs/masks_gaze_driven/best/IMG_2_unexp_Part_6_MASK_7_point_0.7504.png,34,66,327,433,point,57.8,412.5,Lamp,Lamp,Lamp,Lamp,Lamp,Lamp,Lamp,Lamp,Lamp,Lamp,Lamp,"1. Scene Overview: 
   The image depicts a bright, modern living room with a predominantly white color scheme. The room is well-lit with natural light coming through a large window. The decor is minimalistic with a touch of elegance, featuring a mix of contemporary and classic elements.

2. Identified Objects:
   - Sofa: Positioned on the right side of the room, covered with white cushions and a few decorative pillows.
   - Coffee Table: In front of the sofa, white with a lattice design, holding a bowl of fruit and a small plant.
   - Armchair: Located near the window, with a dark cushion or cover.
   - Window: Large, allowing natural light to fill the room, situated on the left wall.
   - Radiator: Below the window.
   - Chandelier: Hanging from the ceiling, centrally located, with a classic design.
   - Wall Art: Above the sofa, depicting a famous artwork.
   - Side Tables: One on the left with a lamp and books, another on the right with a lamp and magazines.
   - Lamps: One on each side table, with white shades.
   - Plants: Several small potted plants, one near the armchair and another on the right side table.
   - Rug: A white rug on the floor in front of the sofa.
   - Books and Magazines: On the left side table and the right side table."
6,2,/Users/162191/Documents/GitHub/human_patterns_exploration/data/images/2unexp.jpg,0,/Users/162191/Documents/GitHub/human_patterns_exploration/outputs/masks_gaze_driven/best/IMG_2_unexp_Part_6_MASK_0_cross_0.3388.png,294,377,313,442,cross,322.7,350.1,Chair,Chair,Chair,Chair,Chair,Chair,Chair,Chair,Chair,Chair,Chair,"1. Scene Overview: 
   The image depicts a bright, modern living room with a predominantly white color scheme. The room is well-lit with natural light coming through a large window. The decor is minimalistic with a touch of elegance, featuring a mix of contemporary and classic elements.

2. Identified Objects:
   - Sofa: Positioned on the right side of the room, covered with white cushions and a few decorative pillows.
   - Coffee Table: In front of the sofa, white with a lattice design, holding a bowl of fruit and a small plant.
   - Armchair: Located near the window, with a dark cushion or cover.
   - Window: Large, allowing natural light to fill the room, situated on the left wall.
   - Radiator: Below the window.
   - Chandelier: Hanging from the ceiling, centrally located, with a classic design.
   - Wall Art: Above the sofa, depicting a famous artwork.
   - Side Tables: One on the left with a lamp and books, another on the right with a lamp and magazines.
   - Lamps: One on each side table, with white shades.
   - Plants: Several small potted plants, one near the armchair and another on the right side table.
   - Rug: A white rug on the floor in front of the sofa.
   - Books and Magazines: On the left side table and the right side table."
6,2,/Users/162191/Documents/GitHub/human_patterns_exploration/data/images/2unexp.jpg,4,/Users/162191/Documents/GitHub/human_patterns_exploration/outputs/masks_gaze_driven/best/IMG_2_unexp_Part_6_MASK_4_point_0.9055.png,596,799,454,599,point,742.7,468.9,Magazines,Magazines,Magazines,Magazines,Magazines,Magazines,Magazines,Magazines,Magazines,Magazines,Magazines,"1. Scene Overview: 
   The image depicts a bright, modern living room with a predominantly white color scheme. The room is well-lit with natural light coming through a large window. The decor is minimalistic with a touch of elegance, featuring a mix of contemporary and classic elements.

2. Identified Objects:
   - Sofa: Positioned on the right side of the room, covered with white cushions and a few decorative pillows.
   - Coffee Table: In front of the sofa, white with a lattice design, holding a bowl of fruit and a small plant.
   - Armchair: Located near the window, with a dark cushion or cover.
   - Window: Large, allowing natural light to fill the room, situated on the left wall.
   - Radiator: Below the window.
   - Chandelier: Hanging from the ceiling, centrally located, with a classic design.
   - Wall Art: Above the sofa, depicting a famous artwork.
   - Side Tables: One on the left with a lamp and books, another on the right with a lamp and magazines.
   - Lamps: One on each side table, with white shades.
   - Plants: Several small potted plants, one near the armchair and another on the right side table.
   - Rug: A white rug on the floor in front of the sofa.
   - Books and Magazines: On the left side table and the right side table."
6,2,/Users/162191/Documents/GitHub/human_patterns_exploration/data/images/2unexp.jpg,8,/Users/162191/Documents/GitHub/human_patterns_exploration/outputs/masks_gaze_driven/best/IMG_2_unexp_Part_6_MASK_8_triangle_0.8264.png,0,30,384,431,triangle,16.0,411.7,Poster,Poster,Poster,Poster,Poster,Poster,Poster,Poster,Poster,Poster,Poster,"1. Scene Overview: 
   The image depicts a bright, modern living room with a predominantly white color scheme. The room is well-lit with natural light coming through a large window. The decor is minimalistic with a touch of elegance, featuring a mix of contemporary and classic elements.

2. Identified Objects:
   - Sofa: Positioned on the right side of the room, covered with white cushions and a few decorative pillows.
   - Coffee Table: In front of the sofa, white with a lattice design, holding a bowl of fruit and a small plant.
   - Armchair: Located near the window, with a dark cushion or cover.
   - Window: Large, allowing natural light to fill the room, situated on the left wall.
   - Radiator: Below the window.
   - Chandelier: Hanging from the ceiling, centrally located, with a classic design.
   - Wall Art: Above the sofa, depicting a famous artwork.
   - Side Tables: One on the left with a lamp and books, another on the right with a lamp and magazines.
   - Lamps: One on each side table, with white shades.
   - Plants: Several small potted plants, one near the armchair and another on the right side table.
   - Rug: A white rug on the floor in front of the sofa.
   - Books and Magazines: On the left side table and the right side table."
12,2,/Users/162191/Documents/GitHub/human_patterns_exploration/data/images/2unexp.jpg,10,/Users/162191/Documents/GitHub/human_patterns_exploration/outputs/masks_gaze_driven/best/IMG_2_unexp_Part_12_MASK_10_triangle_0.8537.png,208,269,285,337,triangle,220.2,303.6,Camel,Llama,Camel,Camel,Camel,Llama,Llama,Llama,Llama,Llama,Llama,"1. Scene Overview: 
   The image depicts a bright and airy living room with a minimalist and modern design. The room features white walls and flooring, creating a clean and spacious atmosphere. Natural light floods the space through a large window, enhancing the room's brightness.

2. Identified Objects:
   - Sofa: Positioned on the right side of the room, adorned with several cushions in white and dark colors.
   - Coffee Table: In front of the sofa, featuring a white lattice design, with a bowl of fruit and a vase with flowers on top.
   - Armchair: Located to the left of the sofa, near the window, with a dark cushion or cover.
   - Window: On the left wall, allowing natural light into the room.
   - Radiator: Below the window.
   - Side Table: On the far left, with a lamp and books on top.
   - Chandelier: Hanging from the ceiling, centrally located.
   - Wall Art: Above the sofa, depicting a famous artwork.
   - Plants: Several potted plants are placed around the room, including one near the armchair and another on the right side of the sofa.
   - Floor Lamp: Positioned on the right side of the room, next to the sofa.
   - Rug: A white rug is placed on the floor in front of the sofa and coffee table."
12,2,/Users/162191/Documents/GitHub/human_patterns_exploration/data/images/2unexp.jpg,5,/Users/162191/Documents/GitHub/human_patterns_exploration/outputs/masks_gaze_driven/best/IMG_2_unexp_Part_12_MASK_5_cross_0.3674.png,174,269,284,338,cross,194.5,300.8,[Termite],[Termite],[Termite],[Termite],[Termite],[Termite],[Termite],[Termite],[Termite],[Termite],[Termite],"1. Scene Overview: 
   The image depicts a bright and airy living room with a minimalist and modern design. The room features white walls and flooring, creating a clean and spacious atmosphere. Natural light floods the space through a large window, enhancing the room's brightness.

2. Identified Objects:
   - Sofa: Positioned on the right side of the room, adorned with several cushions in white and dark colors.
   - Coffee Table: In front of the sofa, featuring a white lattice design, with a bowl of fruit and a vase with flowers on top.
   - Armchair: Located to the left of the sofa, near the window, with a dark cushion or cover.
   - Window: On the left wall, allowing natural light into the room.
   - Radiator: Below the window.
   - Side Table: On the far left, with a lamp and books on top.
   - Chandelier: Hanging from the ceiling, centrally located.
   - Wall Art: Above the sofa, depicting a famous artwork.
   - Plants: Several potted plants are placed around the room, including one near the armchair and another on the right side of the sofa.
   - Floor Lamp: Positioned on the right side of the room, next to the sofa.
   - Rug: A white rug is placed on the floor in front of the sofa and coffee table."
12,2,/Users/162191/Documents/GitHub/human_patterns_exploration/data/images/2unexp.jpg,0,/Users/162191/Documents/GitHub/human_patterns_exploration/outputs/masks_gaze_driven/best/IMG_2_unexp_Part_12_MASK_0_point_0.9309.png,292,387,313,463,point,319.8,369.5,Chair,Chair,Chair,Chair,Chair,Chair,Chair,Chair,Chair,Chair,Chair,"1. Scene Overview: 
   The image depicts a bright and airy living room with a minimalist and modern design. The room features white walls and flooring, creating a clean and spacious atmosphere. Natural light floods the space through a large window, enhancing the room's brightness.

2. Identified Objects:
   - Sofa: Positioned on the right side of the room, adorned with several cushions in white and dark colors.
   - Coffee Table: In front of the sofa, featuring a white lattice design, with a bowl of fruit and a vase with flowers on top.
   - Armchair: Located to the left of the sofa, near the window, with a dark cushion or cover.
   - Window: On the left wall, allowing natural light into the room.
   - Radiator: Below the window.
   - Side Table: On the far left, with a lamp and books on top.
   - Chandelier: Hanging from the ceiling, centrally located.
   - Wall Art: Above the sofa, depicting a famous artwork.
   - Plants: Several potted plants are placed around the room, including one near the armchair and another on the right side of the sofa.
   - Floor Lamp: Positioned on the right side of the room, next to the sofa.
   - Rug: A white rug is placed on the floor in front of the sofa and coffee table."
12,2,/Users/162191/Documents/GitHub/human_patterns_exploration/data/images/2unexp.jpg,8,/Users/162191/Documents/GitHub/human_patterns_exploration/outputs/masks_gaze_driven/best/IMG_2_unexp_Part_12_MASK_8_circle_0.6431.png,662,717,413,468,circle,706.4,447.6,Cabbage,[Cabbage],Cabbage,Cabbage,Pillow,Cabbage,Cabbage,Cabbage,Cabbage,Cabbage,Cabbage,"1. Scene Overview: 
   The image depicts a bright and airy living room with a minimalist and modern design. The room features white walls and flooring, creating a clean and spacious atmosphere. Natural light floods the space through a large window, enhancing the room's brightness.

2. Identified Objects:
   - Sofa: Positioned on the right side of the room, adorned with several cushions in white and dark colors.
   - Coffee Table: In front of the sofa, featuring a white lattice design, with a bowl of fruit and a vase with flowers on top.
   - Armchair: Located to the left of the sofa, near the window, with a dark cushion or cover.
   - Window: On the left wall, allowing natural light into the room.
   - Radiator: Below the window.
   - Side Table: On the far left, with a lamp and books on top.
   - Chandelier: Hanging from the ceiling, centrally located.
   - Wall Art: Above the sofa, depicting a famous artwork.
   - Plants: Several potted plants are placed around the room, including one near the armchair and another on the right side of the sofa.
   - Floor Lamp: Positioned on the right side of the room, next to the sofa.
   - Rug: A white rug is placed on the floor in front of the sofa and coffee table."
12,2,/Users/162191/Documents/GitHub/human_patterns_exploration/data/images/2unexp.jpg,2,/Users/162191/Documents/GitHub/human_patterns_exploration/outputs/masks_gaze_driven/best/IMG_2_unexp_Part_12_MASK_2_point_0.9421.png,131,296,363,439,point,238.1,422.6,Radiator,Radiator,Radiator,Radiator,Radiator,Radiator,Radiator,Radiator,Radiator,Radiator,Radiator,"1. Scene Overview: 
   The image depicts a bright and airy living room with a minimalist and modern design. The room features white walls and flooring, creating a clean and spacious atmosphere. Natural light floods the space through a large window, enhancing the room's brightness.

2. Identified Objects:
   - Sofa: Positioned on the right side of the room, adorned with several cushions in white and dark colors.
   - Coffee Table: In front of the sofa, featuring a white lattice design, with a bowl of fruit and a vase with flowers on top.
   - Armchair: Located to the left of the sofa, near the window, with a dark cushion or cover.
   - Window: On the left wall, allowing natural light into the room.
   - Radiator: Below the window.
   - Side Table: On the far left, with a lamp and books on top.
   - Chandelier: Hanging from the ceiling, centrally located.
   - Wall Art: Above the sofa, depicting a famous artwork.
   - Plants: Several potted plants are placed around the room, including one near the armchair and another on the right side of the sofa.
   - Floor Lamp: Positioned on the right side of the room, next to the sofa.
   - Rug: A white rug is placed on the floor in front of the sofa and coffee table."
12,2,/Users/162191/Documents/GitHub/human_patterns_exploration/data/images/2unexp.jpg,6,/Users/162191/Documents/GitHub/human_patterns_exploration/outputs/masks_gaze_driven/best/IMG_2_unexp_Part_12_MASK_6_circle_0.1643.png,176,270,256,338,circle,202.4,293.3,Mirror,Mirror,Mirror,Mirror,Mirror,Mirror,Mirror,Mirror,[Mirror],Mirror,Mirror,"1. Scene Overview: 
   The image depicts a bright and airy living room with a minimalist and modern design. The room features white walls and flooring, creating a clean and spacious atmosphere. Natural light floods the space through a large window, enhancing the room's brightness.

2. Identified Objects:
   - Sofa: Positioned on the right side of the room, adorned with several cushions in white and dark colors.
   - Coffee Table: In front of the sofa, featuring a white lattice design, with a bowl of fruit and a vase with flowers on top.
   - Armchair: Located to the left of the sofa, near the window, with a dark cushion or cover.
   - Window: On the left wall, allowing natural light into the room.
   - Radiator: Below the window.
   - Side Table: On the far left, with a lamp and books on top.
   - Chandelier: Hanging from the ceiling, centrally located.
   - Wall Art: Above the sofa, depicting a famous artwork.
   - Plants: Several potted plants are placed around the room, including one near the armchair and another on the right side of the sofa.
   - Floor Lamp: Positioned on the right side of the room, next to the sofa.
   - Rug: A white rug is placed on the floor in front of the sofa and coffee table."
12,2,/Users/162191/Documents/GitHub/human_patterns_exploration/data/images/2unexp.jpg,7,/Users/162191/Documents/GitHub/human_patterns_exploration/outputs/masks_gaze_driven/best/IMG_2_unexp_Part_12_MASK_7_point_0.9482.png,622,677,351,428,point,631.5,389.8,Pillow,Pillow,Pillow,Pillow,Pillow,Pillow,Pillow,Pillow,Pillow,Pillow,Pillow,"1. Scene Overview: 
   The image depicts a bright and airy living room with a minimalist and modern design. The room features white walls and flooring, creating a clean and spacious atmosphere. Natural light floods the space through a large window, enhancing the room's brightness.

2. Identified Objects:
   - Sofa: Positioned on the right side of the room, adorned with several cushions in white and dark colors.
   - Coffee Table: In front of the sofa, featuring a white lattice design, with a bowl of fruit and a vase with flowers on top.
   - Armchair: Located to the left of the sofa, near the window, with a dark cushion or cover.
   - Window: On the left wall, allowing natural light into the room.
   - Radiator: Below the window.
   - Side Table: On the far left, with a lamp and books on top.
   - Chandelier: Hanging from the ceiling, centrally located.
   - Wall Art: Above the sofa, depicting a famous artwork.
   - Plants: Several potted plants are placed around the room, including one near the armchair and another on the right side of the sofa.
   - Floor Lamp: Positioned on the right side of the room, next to the sofa.
   - Rug: A white rug is placed on the floor in front of the sofa and coffee table."
12,2,/Users/162191/Documents/GitHub/human_patterns_exploration/data/images/2unexp.jpg,4,/Users/162191/Documents/GitHub/human_patterns_exploration/outputs/masks_gaze_driven/best/IMG_2_unexp_Part_12_MASK_4_triangle_0.3313.png,197,249,308,357,triangle,218.9,351.9,Microphone,Microphone,Microphone,Microphone,Microphone,Microphone,Faucet,Microphone,Microphone,Microphone,Microphone,"1. Scene Overview: 
   The image depicts a bright and airy living room with a minimalist and modern design. The room features white walls and flooring, creating a clean and spacious atmosphere. Natural light floods the space through a large window, enhancing the room's brightness.

2. Identified Objects:
   - Sofa: Positioned on the right side of the room, adorned with several cushions in white and dark colors.
   - Coffee Table: In front of the sofa, featuring a white lattice design, with a bowl of fruit and a vase with flowers on top.
   - Armchair: Located to the left of the sofa, near the window, with a dark cushion or cover.
   - Window: On the left wall, allowing natural light into the room.
   - Radiator: Below the window.
   - Side Table: On the far left, with a lamp and books on top.
   - Chandelier: Hanging from the ceiling, centrally located.
   - Wall Art: Above the sofa, depicting a famous artwork.
   - Plants: Several potted plants are placed around the room, including one near the armchair and another on the right side of the sofa.
   - Floor Lamp: Positioned on the right side of the room, next to the sofa.
   - Rug: A white rug is placed on the floor in front of the sofa and coffee table."
12,2,/Users/162191/Documents/GitHub/human_patterns_exploration/data/images/2unexp.jpg,3,/Users/162191/Documents/GitHub/human_patterns_exploration/outputs/masks_gaze_driven/best/IMG_2_unexp_Part_12_MASK_3_point_0.9518.png,132,296,364,439,point,172.0,396.4,Radiator,Radiator,Radiator,Radiator,Radiator,Radiator,Radiator,Radiator,Radiator,Radiator,Radiator,"1. Scene Overview: 
   The image depicts a bright and airy living room with a minimalist and modern design. The room features white walls and flooring, creating a clean and spacious atmosphere. Natural light floods the space through a large window, enhancing the room's brightness.

2. Identified Objects:
   - Sofa: Positioned on the right side of the room, adorned with several cushions in white and dark colors.
   - Coffee Table: In front of the sofa, featuring a white lattice design, with a bowl of fruit and a vase with flowers on top.
   - Armchair: Located to the left of the sofa, near the window, with a dark cushion or cover.
   - Window: On the left wall, allowing natural light into the room.
   - Radiator: Below the window.
   - Side Table: On the far left, with a lamp and books on top.
   - Chandelier: Hanging from the ceiling, centrally located.
   - Wall Art: Above the sofa, depicting a famous artwork.
   - Plants: Several potted plants are placed around the room, including one near the armchair and another on the right side of the sofa.
   - Floor Lamp: Positioned on the right side of the room, next to the sofa.
   - Rug: A white rug is placed on the floor in front of the sofa and coffee table."
12,2,/Users/162191/Documents/GitHub/human_patterns_exploration/data/images/2unexp.jpg,11,/Users/162191/Documents/GitHub/human_patterns_exploration/outputs/masks_gaze_driven/best/IMG_2_unexp_Part_12_MASK_11_circle_0.2795.png,191,209,209,340,circle,201.8,276.9,Door,Door,Door,Door,Door,Door,Door,Door,Door,Door,Door,"1. Scene Overview: 
   The image depicts a bright and airy living room with a minimalist and modern design. The room features white walls and flooring, creating a clean and spacious atmosphere. Natural light floods the space through a large window, enhancing the room's brightness.

2. Identified Objects:
   - Sofa: Positioned on the right side of the room, adorned with several cushions in white and dark colors.
   - Coffee Table: In front of the sofa, featuring a white lattice design, with a bowl of fruit and a vase with flowers on top.
   - Armchair: Located to the left of the sofa, near the window, with a dark cushion or cover.
   - Window: On the left wall, allowing natural light into the room.
   - Radiator: Below the window.
   - Side Table: On the far left, with a lamp and books on top.
   - Chandelier: Hanging from the ceiling, centrally located.
   - Wall Art: Above the sofa, depicting a famous artwork.
   - Plants: Several potted plants are placed around the room, including one near the armchair and another on the right side of the sofa.
   - Floor Lamp: Positioned on the right side of the room, next to the sofa.
   - Rug: A white rug is placed on the floor in front of the sofa and coffee table."
12,2,/Users/162191/Documents/GitHub/human_patterns_exploration/data/images/2unexp.jpg,1,/Users/162191/Documents/GitHub/human_patterns_exploration/outputs/masks_gaze_driven/best/IMG_2_unexp_Part_12_MASK_1_point_0.8794.png,439,498,397,430,point,461.6,415.9,Grapes,Grapes,Grapes,Grapes,Grapes,Fruit,Fruit,Grapes,Grapes,Grapes,Grapes,"1. Scene Overview: 
   The image depicts a bright and airy living room with a minimalist and modern design. The room features white walls and flooring, creating a clean and spacious atmosphere. Natural light floods the space through a large window, enhancing the room's brightness.

2. Identified Objects:
   - Sofa: Positioned on the right side of the room, adorned with several cushions in white and dark colors.
   - Coffee Table: In front of the sofa, featuring a white lattice design, with a bowl of fruit and a vase with flowers on top.
   - Armchair: Located to the left of the sofa, near the window, with a dark cushion or cover.
   - Window: On the left wall, allowing natural light into the room.
   - Radiator: Below the window.
   - Side Table: On the far left, with a lamp and books on top.
   - Chandelier: Hanging from the ceiling, centrally located.
   - Wall Art: Above the sofa, depicting a famous artwork.
   - Plants: Several potted plants are placed around the room, including one near the armchair and another on the right side of the sofa.
   - Floor Lamp: Positioned on the right side of the room, next to the sofa.
   - Rug: A white rug is placed on the floor in front of the sofa and coffee table."
12,2,/Users/162191/Documents/GitHub/human_patterns_exploration/data/images/2unexp.jpg,9,/Users/162191/Documents/GitHub/human_patterns_exploration/outputs/masks_gaze_driven/best/IMG_2_unexp_Part_12_MASK_9_point_0.9485.png,650,724,356,439,point,685.4,373.3,Pillow,Pillow,Pillow,Pillow,Pillow,Pillow,Pillow,Pillow,Pillow,Pillow,Pillow,"1. Scene Overview: 
   The image depicts a bright and airy living room with a minimalist and modern design. The room features white walls and flooring, creating a clean and spacious atmosphere. Natural light floods the space through a large window, enhancing the room's brightness.

2. Identified Objects:
   - Sofa: Positioned on the right side of the room, adorned with several cushions in white and dark colors.
   - Coffee Table: In front of the sofa, featuring a white lattice design, with a bowl of fruit and a vase with flowers on top.
   - Armchair: Located to the left of the sofa, near the window, with a dark cushion or cover.
   - Window: On the left wall, allowing natural light into the room.
   - Radiator: Below the window.
   - Side Table: On the far left, with a lamp and books on top.
   - Chandelier: Hanging from the ceiling, centrally located.
   - Wall Art: Above the sofa, depicting a famous artwork.
   - Plants: Several potted plants are placed around the room, including one near the armchair and another on the right side of the sofa.
   - Floor Lamp: Positioned on the right side of the room, next to the sofa.
   - Rug: A white rug is placed on the floor in front of the sofa and coffee table."
16,2,/Users/162191/Documents/GitHub/human_patterns_exploration/data/images/2unexp.jpg,1,/Users/162191/Documents/GitHub/human_patterns_exploration/outputs/masks_gaze_driven/best/IMG_2_unexp_Part_16_MASK_1_point_0.9127.png,114,192,213,346,point,165.3,304.1,[Bird],[Bird],[Bird],[Bird],Bird,[Bird],[Bird],Bird,[Bird],[Bird],[Bird],"1. Scene Overview: 
   The image depicts a bright and airy living room with a minimalist and modern design. The room is predominantly white, creating a clean and spacious feel. Natural light floods the space through a large window, enhancing the room's brightness.

2. Identified Objects:
   - Sofa: Positioned on the right side of the room, adorned with several cushions in white and dark colors.
   - Coffee Table: In front of the sofa, featuring a white lattice design, with a bowl of fruit and a small plant on top.
   - Armchair: Located near the window, with a dark fabric and wooden frame.
   - Window: On the left side, allowing natural light to enter, with a radiator beneath it.
   - Chandelier: Hanging from the ceiling, centrally positioned, adding an elegant touch.
   - Wall Art: Above the sofa, depicting a famous artwork of two hands reaching towards each other.
   - Side Tables: One on the left with a lamp and books, and another on the right with a lamp and magazines.
   - Plants: Several potted plants are placed around the room, adding greenery.
   - Rug: A white rug is spread on the floor in front of the sofa.
   - Lamps: Two lamps with white shades, one on each side table."
16,2,/Users/162191/Documents/GitHub/human_patterns_exploration/data/images/2unexp.jpg,0,/Users/162191/Documents/GitHub/human_patterns_exploration/outputs/masks_gaze_driven/best/IMG_2_unexp_Part_16_MASK_0_circle_0.1541.png,181,209,243,341,circle,203.7,314.2,Books,Bookshelf,Bookshelf,Bookshelf,Books,Bookshelf,Books,Books,Bookshelf,Bookshelf,Bookshelf,"1. Scene Overview: 
   The image depicts a bright and airy living room with a minimalist and modern design. The room is predominantly white, creating a clean and spacious feel. Natural light floods the space through a large window, enhancing the room's brightness.

2. Identified Objects:
   - Sofa: Positioned on the right side of the room, adorned with several cushions in white and dark colors.
   - Coffee Table: In front of the sofa, featuring a white lattice design, with a bowl of fruit and a small plant on top.
   - Armchair: Located near the window, with a dark fabric and wooden frame.
   - Window: On the left side, allowing natural light to enter, with a radiator beneath it.
   - Chandelier: Hanging from the ceiling, centrally positioned, adding an elegant touch.
   - Wall Art: Above the sofa, depicting a famous artwork of two hands reaching towards each other.
   - Side Tables: One on the left with a lamp and books, and another on the right with a lamp and magazines.
   - Plants: Several potted plants are placed around the room, adding greenery.
   - Rug: A white rug is spread on the floor in front of the sofa.
   - Lamps: Two lamps with white shades, one on each side table."
16,2,/Users/162191/Documents/GitHub/human_patterns_exploration/data/images/2unexp.jpg,1,/Users/162191/Documents/GitHub/human_patterns_exploration/outputs/masks_gaze_driven/best/IMG_2_unexp_Part_16_MASK_1_point_0.9127.png,114,192,213,346,point,165.3,304.1,Bird,[Bird],[Bird],[Bird],[Bird],[Bird],[Bird],[Bird],[Bird],[Bird],[Bird],"1. Scene Overview: 
   The image depicts a bright and airy living room with a minimalist and modern design. The room features predominantly white decor with some natural wood elements and green plants, creating a fresh and inviting atmosphere.

2. Identified Objects:
   - Sofa: A white sofa is positioned against the right wall, adorned with several cushions in white and dark colors.
   - Coffee Table: In front of the sofa, there is a white coffee table with a lattice design, holding a bowl of fruit.
   - Armchair: To the left of the sofa, there is a wooden armchair with a dark cushion.
   - Window: A large window on the left wall allows natural light to flood the room.
   - Radiator: Below the window, there is a white radiator.
   - Side Table: On the left side of the image, a wooden side table holds a lamp and some books.
   - Lamp: A white lamp with a pleated shade is on the side table.
   - Chandelier: A decorative chandelier hangs from the ceiling in the center of the room.
   - Wall Art: Above the sofa, there is a piece of artwork depicting two hands reaching towards each other.
   - Plants: Several green plants are placed around the room, including one on the coffee table and another near the armchair.
   - Rug: A white rug is laid out on the floor in front of the sofa.
   - Books and Magazines: A stack of books and magazines is on the right side table.
   - Decorative Items: Various decorative items are scattered throughout, enhancing the room's aesthetic."
16,2,/Users/162191/Documents/GitHub/human_patterns_exploration/data/images/2unexp.jpg,0,/Users/162191/Documents/GitHub/human_patterns_exploration/outputs/masks_gaze_driven/best/IMG_2_unexp_Part_16_MASK_0_circle_0.1541.png,181,209,243,341,circle,203.7,314.2,Bookshelf,Books,Bookshelf,Bookshelf,Bookshelf,Bookshelf,Bookshelf,Bookshelf,Bookshelf,Books,Bookshelf,"1. Scene Overview: 
   The image depicts a bright and airy living room with a minimalist and modern design. The room features predominantly white decor with some natural wood elements and green plants, creating a fresh and inviting atmosphere.

2. Identified Objects:
   - Sofa: A white sofa is positioned against the right wall, adorned with several cushions in white and dark colors.
   - Coffee Table: In front of the sofa, there is a white coffee table with a lattice design, holding a bowl of fruit.
   - Armchair: To the left of the sofa, there is a wooden armchair with a dark cushion.
   - Window: A large window on the left wall allows natural light to flood the room.
   - Radiator: Below the window, there is a white radiator.
   - Side Table: On the left side of the image, a wooden side table holds a lamp and some books.
   - Lamp: A white lamp with a pleated shade is on the side table.
   - Chandelier: A decorative chandelier hangs from the ceiling in the center of the room.
   - Wall Art: Above the sofa, there is a piece of artwork depicting two hands reaching towards each other.
   - Plants: Several green plants are placed around the room, including one on the coffee table and another near the armchair.
   - Rug: A white rug is laid out on the floor in front of the sofa.
   - Books and Magazines: A stack of books and magazines is on the right side table.
   - Decorative Items: Various decorative items are scattered throughout, enhancing the room's aesthetic."
22,2,/Users/162191/Documents/GitHub/human_patterns_exploration/data/images/2unexp.jpg,3,/Users/162191/Documents/GitHub/human_patterns_exploration/outputs/masks_gaze_driven/best/IMG_2_unexp_Part_22_MASK_3_point_0.9519.png,570,632,356,421,point,620.8,389.6,Pillow,Pillow,Pillow,Pillow,Pillow,Pillow,Pillow,Pillow,Pillow,Pillow,Pillow,"1. Scene Overview: 
   The image depicts a bright and airy living room with a predominantly white color scheme. The room is well-lit, likely due to natural light coming through a large window. The decor is minimalistic with a touch of elegance, featuring a mix of modern and classic elements.

2. Identified Objects:
   - Sofa: Positioned on the right side of the room, covered with white cushions and a few decorative pillows.
   - Coffee Table: In front of the sofa, white with a lattice design, holding a bowl of fruit and a small plant.
   - Armchair: Located to the left of the sofa, near the window, with a dark cushion or cover.
   - Window: On the left wall, allowing natural light to fill the room.
   - Radiator: Below the window.
   - Side Table: On the far left, holding a lamp and a few books.
   - Lamp: On the side table, with a white shade.
   - Chandelier: Hanging from the ceiling, adding a touch of elegance.
   - Wall Art: Above the sofa, depicting a famous artwork.
   - Plants: Several small plants are placed around the room, including one on the coffee table and another near the armchair.
   - Rug: A white rug is placed on the floor in front of the sofa.
   - Books/Magazines: On the right side table, next to a lamp with a white shade."
22,2,/Users/162191/Documents/GitHub/human_patterns_exploration/data/images/2unexp.jpg,1,/Users/162191/Documents/GitHub/human_patterns_exploration/outputs/masks_gaze_driven/best/IMG_2_unexp_Part_22_MASK_1_point_0.9773.png,472,545,336,401,point,484.9,392.5,Pillow,Pillow,Pillow,Pillow,Pillow,Pillow,Pillow,Pillow,Pillow,Pillow,Pillow,"1. Scene Overview: 
   The image depicts a bright and airy living room with a predominantly white color scheme. The room is well-lit, likely due to natural light coming through a large window. The decor is minimalistic with a touch of elegance, featuring a mix of modern and classic elements.

2. Identified Objects:
   - Sofa: Positioned on the right side of the room, covered with white cushions and a few decorative pillows.
   - Coffee Table: In front of the sofa, white with a lattice design, holding a bowl of fruit and a small plant.
   - Armchair: Located to the left of the sofa, near the window, with a dark cushion or cover.
   - Window: On the left wall, allowing natural light to fill the room.
   - Radiator: Below the window.
   - Side Table: On the far left, holding a lamp and a few books.
   - Lamp: On the side table, with a white shade.
   - Chandelier: Hanging from the ceiling, adding a touch of elegance.
   - Wall Art: Above the sofa, depicting a famous artwork.
   - Plants: Several small plants are placed around the room, including one on the coffee table and another near the armchair.
   - Rug: A white rug is placed on the floor in front of the sofa.
   - Books/Magazines: On the right side table, next to a lamp with a white shade."
22,2,/Users/162191/Documents/GitHub/human_patterns_exploration/data/images/2unexp.jpg,15,/Users/162191/Documents/GitHub/human_patterns_exploration/outputs/masks_gaze_driven/best/IMG_2_unexp_Part_22_MASK_15_cross_0.6610.png,703,758,349,397,cross,753.1,374.0,Pillow,Pillow,Pillow,Pillow,Pillow,Pillow,Pillow,Pillow,Pillow,Pillow,Pillow,"1. Scene Overview: 
   The image depicts a bright and airy living room with a predominantly white color scheme. The room is well-lit, likely due to natural light coming through a large window. The decor is minimalistic with a touch of elegance, featuring a mix of modern and classic elements.

2. Identified Objects:
   - Sofa: Positioned on the right side of the room, covered with white cushions and a few decorative pillows.
   - Coffee Table: In front of the sofa, white with a lattice design, holding a bowl of fruit and a small plant.
   - Armchair: Located to the left of the sofa, near the window, with a dark cushion or cover.
   - Window: On the left wall, allowing natural light to fill the room.
   - Radiator: Below the window.
   - Side Table: On the far left, holding a lamp and a few books.
   - Lamp: On the side table, with a white shade.
   - Chandelier: Hanging from the ceiling, adding a touch of elegance.
   - Wall Art: Above the sofa, depicting a famous artwork.
   - Plants: Several small plants are placed around the room, including one on the coffee table and another near the armchair.
   - Rug: A white rug is placed on the floor in front of the sofa.
   - Books/Magazines: On the right side table, next to a lamp with a white shade."
22,2,/Users/162191/Documents/GitHub/human_patterns_exploration/data/images/2unexp.jpg,8,/Users/162191/Documents/GitHub/human_patterns_exploration/outputs/masks_gaze_driven/best/IMG_2_unexp_Part_22_MASK_8_point_0.8995.png,115,192,213,345,point,147.3,309.3,Faucet,Bird,[Bird],[Bird],[Bird],[Bird],[Bird],[Bird],[Bird],[Bird],[Bird],"1. Scene Overview: 
   The image depicts a bright and airy living room with a predominantly white color scheme. The room is well-lit, likely due to natural light coming through a large window. The decor is minimalistic with a touch of elegance, featuring a mix of modern and classic elements.

2. Identified Objects:
   - Sofa: Positioned on the right side of the room, covered with white cushions and a few decorative pillows.
   - Coffee Table: In front of the sofa, white with a lattice design, holding a bowl of fruit and a small plant.
   - Armchair: Located to the left of the sofa, near the window, with a dark cushion or cover.
   - Window: On the left wall, allowing natural light to fill the room.
   - Radiator: Below the window.
   - Side Table: On the far left, holding a lamp and a few books.
   - Lamp: On the side table, with a white shade.
   - Chandelier: Hanging from the ceiling, adding a touch of elegance.
   - Wall Art: Above the sofa, depicting a famous artwork.
   - Plants: Several small plants are placed around the room, including one on the coffee table and another near the armchair.
   - Rug: A white rug is placed on the floor in front of the sofa.
   - Books/Magazines: On the right side table, next to a lamp with a white shade."
22,2,/Users/162191/Documents/GitHub/human_patterns_exploration/data/images/2unexp.jpg,21,/Users/162191/Documents/GitHub/human_patterns_exploration/outputs/masks_gaze_driven/best/IMG_2_unexp_Part_22_MASK_21_triangle_0.8809.png,333,412,0,173,triangle,372.5,97.5,Chandelier,Chandelier,Chandelier,Chandelier,Chandelier,Chandelier,Chandelier,Chandelier,Chandelier,Chandelier,Chandelier,"1. Scene Overview: 
   The image depicts a bright and airy living room with a predominantly white color scheme. The room is well-lit, likely due to natural light coming through a large window. The decor is minimalistic with a touch of elegance, featuring a mix of modern and classic elements.

2. Identified Objects:
   - Sofa: Positioned on the right side of the room, covered with white cushions and a few decorative pillows.
   - Coffee Table: In front of the sofa, white with a lattice design, holding a bowl of fruit and a small plant.
   - Armchair: Located to the left of the sofa, near the window, with a dark cushion or cover.
   - Window: On the left wall, allowing natural light to fill the room.
   - Radiator: Below the window.
   - Side Table: On the far left, holding a lamp and a few books.
   - Lamp: On the side table, with a white shade.
   - Chandelier: Hanging from the ceiling, adding a touch of elegance.
   - Wall Art: Above the sofa, depicting a famous artwork.
   - Plants: Several small plants are placed around the room, including one on the coffee table and another near the armchair.
   - Rug: A white rug is placed on the floor in front of the sofa.
   - Books/Magazines: On the right side table, next to a lamp with a white shade."
22,2,/Users/162191/Documents/GitHub/human_patterns_exploration/data/images/2unexp.jpg,4,/Users/162191/Documents/GitHub/human_patterns_exploration/outputs/masks_gaze_driven/best/IMG_2_unexp_Part_22_MASK_4_point_0.9063.png,444,481,346,391,point,475.3,380.6,[Paper],[Rock],Leaf,[Paper],[Rock],Rock,[Paper],[Paper],[Paper],Rock,[Paper],"1. Scene Overview: 
   The image depicts a bright and airy living room with a predominantly white color scheme. The room is well-lit, likely due to natural light coming through a large window. The decor is minimalistic with a touch of elegance, featuring a mix of modern and classic elements.

2. Identified Objects:
   - Sofa: Positioned on the right side of the room, covered with white cushions and a few decorative pillows.
   - Coffee Table: In front of the sofa, white with a lattice design, holding a bowl of fruit and a small plant.
   - Armchair: Located to the left of the sofa, near the window, with a dark cushion or cover.
   - Window: On the left wall, allowing natural light to fill the room.
   - Radiator: Below the window.
   - Side Table: On the far left, holding a lamp and a few books.
   - Lamp: On the side table, with a white shade.
   - Chandelier: Hanging from the ceiling, adding a touch of elegance.
   - Wall Art: Above the sofa, depicting a famous artwork.
   - Plants: Several small plants are placed around the room, including one on the coffee table and another near the armchair.
   - Rug: A white rug is placed on the floor in front of the sofa.
   - Books/Magazines: On the right side table, next to a lamp with a white shade."
22,2,/Users/162191/Documents/GitHub/human_patterns_exploration/data/images/2unexp.jpg,7,/Users/162191/Documents/GitHub/human_patterns_exploration/outputs/masks_gaze_driven/best/IMG_2_unexp_Part_22_MASK_7_point_0.7792.png,176,269,285,338,point,216.2,290.4,[Giraffe],[Giraffe],[Giraffe],[Giraffe],[Giraffe],[Giraffe],[Giraffe],[Giraffe],[Giraffe],[Giraffe],[Giraffe],"1. Scene Overview: 
   The image depicts a bright and airy living room with a predominantly white color scheme. The room is well-lit, likely due to natural light coming through a large window. The decor is minimalistic with a touch of elegance, featuring a mix of modern and classic elements.

2. Identified Objects:
   - Sofa: Positioned on the right side of the room, covered with white cushions and a few decorative pillows.
   - Coffee Table: In front of the sofa, white with a lattice design, holding a bowl of fruit and a small plant.
   - Armchair: Located to the left of the sofa, near the window, with a dark cushion or cover.
   - Window: On the left wall, allowing natural light to fill the room.
   - Radiator: Below the window.
   - Side Table: On the far left, holding a lamp and a few books.
   - Lamp: On the side table, with a white shade.
   - Chandelier: Hanging from the ceiling, adding a touch of elegance.
   - Wall Art: Above the sofa, depicting a famous artwork.
   - Plants: Several small plants are placed around the room, including one on the coffee table and another near the armchair.
   - Rug: A white rug is placed on the floor in front of the sofa.
   - Books/Magazines: On the right side table, next to a lamp with a white shade."
22,2,/Users/162191/Documents/GitHub/human_patterns_exploration/data/images/2unexp.jpg,0,/Users/162191/Documents/GitHub/human_patterns_exploration/outputs/masks_gaze_driven/best/IMG_2_unexp_Part_22_MASK_0_point_0.4257.png,82,311,99,463,point,112.2,372.6,Window,Window,Window,Window,Window,Window,Window,Window,Window,Window,Window,"1. Scene Overview: 
   The image depicts a bright and airy living room with a predominantly white color scheme. The room is well-lit, likely due to natural light coming through a large window. The decor is minimalistic with a touch of elegance, featuring a mix of modern and classic elements.

2. Identified Objects:
   - Sofa: Positioned on the right side of the room, covered with white cushions and a few decorative pillows.
   - Coffee Table: In front of the sofa, white with a lattice design, holding a bowl of fruit and a small plant.
   - Armchair: Located to the left of the sofa, near the window, with a dark cushion or cover.
   - Window: On the left wall, allowing natural light to fill the room.
   - Radiator: Below the window.
   - Side Table: On the far left, holding a lamp and a few books.
   - Lamp: On the side table, with a white shade.
   - Chandelier: Hanging from the ceiling, adding a touch of elegance.
   - Wall Art: Above the sofa, depicting a famous artwork.
   - Plants: Several small plants are placed around the room, including one on the coffee table and another near the armchair.
   - Rug: A white rug is placed on the floor in front of the sofa.
   - Books/Magazines: On the right side table, next to a lamp with a white shade."
22,2,/Users/162191/Documents/GitHub/human_patterns_exploration/data/images/2unexp.jpg,2,/Users/162191/Documents/GitHub/human_patterns_exploration/outputs/masks_gaze_driven/best/IMG_2_unexp_Part_22_MASK_2_point_0.8200.png,736,797,427,477,point,762.0,464.8,Bowl,Plant,Bowl,Bowl,Bowl,Bowl,Bowl,Bowl,Bowl,Bowl,Bowl,"1. Scene Overview: 
   The image depicts a bright and airy living room with a predominantly white color scheme. The room is well-lit, likely due to natural light coming through a large window. The decor is minimalistic with a touch of elegance, featuring a mix of modern and classic elements.

2. Identified Objects:
   - Sofa: Positioned on the right side of the room, covered with white cushions and a few decorative pillows.
   - Coffee Table: In front of the sofa, white with a lattice design, holding a bowl of fruit and a small plant.
   - Armchair: Located to the left of the sofa, near the window, with a dark cushion or cover.
   - Window: On the left wall, allowing natural light to fill the room.
   - Radiator: Below the window.
   - Side Table: On the far left, holding a lamp and a few books.
   - Lamp: On the side table, with a white shade.
   - Chandelier: Hanging from the ceiling, adding a touch of elegance.
   - Wall Art: Above the sofa, depicting a famous artwork.
   - Plants: Several small plants are placed around the room, including one on the coffee table and another near the armchair.
   - Rug: A white rug is placed on the floor in front of the sofa.
   - Books/Magazines: On the right side table, next to a lamp with a white shade."
22,2,/Users/162191/Documents/GitHub/human_patterns_exploration/data/images/2unexp.jpg,13,/Users/162191/Documents/GitHub/human_patterns_exploration/outputs/masks_gaze_driven/best/IMG_2_unexp_Part_22_MASK_13_point_0.9334.png,292,387,314,463,point,332.8,395.0,Chair,Chair,Chair,Chair,Chair,Chair,Chair,Chair,Chair,Chair,Chair,"1. Scene Overview: 
   The image depicts a bright and airy living room with a predominantly white color scheme. The room is well-lit, likely due to natural light coming through a large window. The decor is minimalistic with a touch of elegance, featuring a mix of modern and classic elements.

2. Identified Objects:
   - Sofa: Positioned on the right side of the room, covered with white cushions and a few decorative pillows.
   - Coffee Table: In front of the sofa, white with a lattice design, holding a bowl of fruit and a small plant.
   - Armchair: Located to the left of the sofa, near the window, with a dark cushion or cover.
   - Window: On the left wall, allowing natural light to fill the room.
   - Radiator: Below the window.
   - Side Table: On the far left, holding a lamp and a few books.
   - Lamp: On the side table, with a white shade.
   - Chandelier: Hanging from the ceiling, adding a touch of elegance.
   - Wall Art: Above the sofa, depicting a famous artwork.
   - Plants: Several small plants are placed around the room, including one on the coffee table and another near the armchair.
   - Rug: A white rug is placed on the floor in front of the sofa.
   - Books/Magazines: On the right side table, next to a lamp with a white shade."
22,2,/Users/162191/Documents/GitHub/human_patterns_exploration/data/images/2unexp.jpg,12,/Users/162191/Documents/GitHub/human_patterns_exploration/outputs/masks_gaze_driven/best/IMG_2_unexp_Part_22_MASK_12_point_0.9430.png,292,387,314,463,point,373.1,414.5,Chair,Chair,Chair,Chair,Chair,Chair,Chair,Chair,Chair,Chair,Chair,"1. Scene Overview: 
   The image depicts a bright and airy living room with a predominantly white color scheme. The room is well-lit, likely due to natural light coming through a large window. The decor is minimalistic with a touch of elegance, featuring a mix of modern and classic elements.

2. Identified Objects:
   - Sofa: Positioned on the right side of the room, covered with white cushions and a few decorative pillows.
   - Coffee Table: In front of the sofa, white with a lattice design, holding a bowl of fruit and a small plant.
   - Armchair: Located to the left of the sofa, near the window, with a dark cushion or cover.
   - Window: On the left wall, allowing natural light to fill the room.
   - Radiator: Below the window.
   - Side Table: On the far left, holding a lamp and a few books.
   - Lamp: On the side table, with a white shade.
   - Chandelier: Hanging from the ceiling, adding a touch of elegance.
   - Wall Art: Above the sofa, depicting a famous artwork.
   - Plants: Several small plants are placed around the room, including one on the coffee table and another near the armchair.
   - Rug: A white rug is placed on the floor in front of the sofa.
   - Books/Magazines: On the right side table, next to a lamp with a white shade."
22,2,/Users/162191/Documents/GitHub/human_patterns_exploration/data/images/2unexp.jpg,18,/Users/162191/Documents/GitHub/human_patterns_exploration/outputs/masks_gaze_driven/best/IMG_2_unexp_Part_22_MASK_18_cross_0.6354.png,743,799,273,558,cross,786.3,475.8,Lamp,Lamp,Lamp,Lamp,Lamp,Lamp,Lamp,Lamp,Lamp,Lamp,Lamp,"1. Scene Overview: 
   The image depicts a bright and airy living room with a predominantly white color scheme. The room is well-lit, likely due to natural light coming through a large window. The decor is minimalistic with a touch of elegance, featuring a mix of modern and classic elements.

2. Identified Objects:
   - Sofa: Positioned on the right side of the room, covered with white cushions and a few decorative pillows.
   - Coffee Table: In front of the sofa, white with a lattice design, holding a bowl of fruit and a small plant.
   - Armchair: Located to the left of the sofa, near the window, with a dark cushion or cover.
   - Window: On the left wall, allowing natural light to fill the room.
   - Radiator: Below the window.
   - Side Table: On the far left, holding a lamp and a few books.
   - Lamp: On the side table, with a white shade.
   - Chandelier: Hanging from the ceiling, adding a touch of elegance.
   - Wall Art: Above the sofa, depicting a famous artwork.
   - Plants: Several small plants are placed around the room, including one on the coffee table and another near the armchair.
   - Rug: A white rug is placed on the floor in front of the sofa.
   - Books/Magazines: On the right side table, next to a lamp with a white shade."
22,2,/Users/162191/Documents/GitHub/human_patterns_exploration/data/images/2unexp.jpg,6,/Users/162191/Documents/GitHub/human_patterns_exploration/outputs/masks_gaze_driven/best/IMG_2_unexp_Part_22_MASK_6_triangle_0.5225.png,205,269,283,338,triangle,206.3,308.5,Faucet,[Termite],[Termite],Faucet,Faucet,Faucet,Faucet,Faucet,[Termite],[Termite],Faucet,"1. Scene Overview: 
   The image depicts a bright and airy living room with a predominantly white color scheme. The room is well-lit, likely due to natural light coming through a large window. The decor is minimalistic with a touch of elegance, featuring a mix of modern and classic elements.

2. Identified Objects:
   - Sofa: Positioned on the right side of the room, covered with white cushions and a few decorative pillows.
   - Coffee Table: In front of the sofa, white with a lattice design, holding a bowl of fruit and a small plant.
   - Armchair: Located to the left of the sofa, near the window, with a dark cushion or cover.
   - Window: On the left wall, allowing natural light to fill the room.
   - Radiator: Below the window.
   - Side Table: On the far left, holding a lamp and a few books.
   - Lamp: On the side table, with a white shade.
   - Chandelier: Hanging from the ceiling, adding a touch of elegance.
   - Wall Art: Above the sofa, depicting a famous artwork.
   - Plants: Several small plants are placed around the room, including one on the coffee table and another near the armchair.
   - Rug: A white rug is placed on the floor in front of the sofa.
   - Books/Magazines: On the right side table, next to a lamp with a white shade."
22,2,/Users/162191/Documents/GitHub/human_patterns_exploration/data/images/2unexp.jpg,14,/Users/162191/Documents/GitHub/human_patterns_exploration/outputs/masks_gaze_driven/best/IMG_2_unexp_Part_22_MASK_14_triangle_0.5009.png,676,779,390,464,triangle,772.7,415.2,Plant,Plant,Plant,Plant,Plant,Plant,Plant,Plant,Plant,Plant,Plant,"1. Scene Overview: 
   The image depicts a bright and airy living room with a predominantly white color scheme. The room is well-lit, likely due to natural light coming through a large window. The decor is minimalistic with a touch of elegance, featuring a mix of modern and classic elements.

2. Identified Objects:
   - Sofa: Positioned on the right side of the room, covered with white cushions and a few decorative pillows.
   - Coffee Table: In front of the sofa, white with a lattice design, holding a bowl of fruit and a small plant.
   - Armchair: Located to the left of the sofa, near the window, with a dark cushion or cover.
   - Window: On the left wall, allowing natural light to fill the room.
   - Radiator: Below the window.
   - Side Table: On the far left, holding a lamp and a few books.
   - Lamp: On the side table, with a white shade.
   - Chandelier: Hanging from the ceiling, adding a touch of elegance.
   - Wall Art: Above the sofa, depicting a famous artwork.
   - Plants: Several small plants are placed around the room, including one on the coffee table and another near the armchair.
   - Rug: A white rug is placed on the floor in front of the sofa.
   - Books/Magazines: On the right side table, next to a lamp with a white shade."
22,2,/Users/162191/Documents/GitHub/human_patterns_exploration/data/images/2unexp.jpg,16,/Users/162191/Documents/GitHub/human_patterns_exploration/outputs/masks_gaze_driven/best/IMG_2_unexp_Part_22_MASK_16_point_0.9560.png,649,724,356,439,point,680.2,401.4,Pillow,Pillow,Pillow,Pillow,Pillow,Pillow,Pillow,Pillow,Pillow,Pillow,Pillow,"1. Scene Overview: 
   The image depicts a bright and airy living room with a predominantly white color scheme. The room is well-lit, likely due to natural light coming through a large window. The decor is minimalistic with a touch of elegance, featuring a mix of modern and classic elements.

2. Identified Objects:
   - Sofa: Positioned on the right side of the room, covered with white cushions and a few decorative pillows.
   - Coffee Table: In front of the sofa, white with a lattice design, holding a bowl of fruit and a small plant.
   - Armchair: Located to the left of the sofa, near the window, with a dark cushion or cover.
   - Window: On the left wall, allowing natural light to fill the room.
   - Radiator: Below the window.
   - Side Table: On the far left, holding a lamp and a few books.
   - Lamp: On the side table, with a white shade.
   - Chandelier: Hanging from the ceiling, adding a touch of elegance.
   - Wall Art: Above the sofa, depicting a famous artwork.
   - Plants: Several small plants are placed around the room, including one on the coffee table and another near the armchair.
   - Rug: A white rug is placed on the floor in front of the sofa.
   - Books/Magazines: On the right side table, next to a lamp with a white shade."
22,2,/Users/162191/Documents/GitHub/human_patterns_exploration/data/images/2unexp.jpg,17,/Users/162191/Documents/GitHub/human_patterns_exploration/outputs/masks_gaze_driven/best/IMG_2_unexp_Part_22_MASK_17_point_0.9466.png,659,799,468,522,point,737.8,481.5,Brochure,Brochure,Brochure,Brochure,Brochure,Brochure,Brochure,Brochure,Brochure,Brochure,Brochure,"1. Scene Overview: 
   The image depicts a bright and airy living room with a predominantly white color scheme. The room is well-lit, likely due to natural light coming through a large window. The decor is minimalistic with a touch of elegance, featuring a mix of modern and classic elements.

2. Identified Objects:
   - Sofa: Positioned on the right side of the room, covered with white cushions and a few decorative pillows.
   - Coffee Table: In front of the sofa, white with a lattice design, holding a bowl of fruit and a small plant.
   - Armchair: Located to the left of the sofa, near the window, with a dark cushion or cover.
   - Window: On the left wall, allowing natural light to fill the room.
   - Radiator: Below the window.
   - Side Table: On the far left, holding a lamp and a few books.
   - Lamp: On the side table, with a white shade.
   - Chandelier: Hanging from the ceiling, adding a touch of elegance.
   - Wall Art: Above the sofa, depicting a famous artwork.
   - Plants: Several small plants are placed around the room, including one on the coffee table and another near the armchair.
   - Rug: A white rug is placed on the floor in front of the sofa.
   - Books/Magazines: On the right side table, next to a lamp with a white shade."
22,2,/Users/162191/Documents/GitHub/human_patterns_exploration/data/images/2unexp.jpg,9,/Users/162191/Documents/GitHub/human_patterns_exploration/outputs/masks_gaze_driven/best/IMG_2_unexp_Part_22_MASK_9_circle_0.4922.png,0,84,56,423,circle,75.7,408.3,Lamp,Lamp,Lamp,Lamp,Lamp,Lamp,Lamp,Lamp,Lamp,Lamp,Lamp,"1. Scene Overview: 
   The image depicts a bright and airy living room with a predominantly white color scheme. The room is well-lit, likely due to natural light coming through a large window. The decor is minimalistic with a touch of elegance, featuring a mix of modern and classic elements.

2. Identified Objects:
   - Sofa: Positioned on the right side of the room, covered with white cushions and a few decorative pillows.
   - Coffee Table: In front of the sofa, white with a lattice design, holding a bowl of fruit and a small plant.
   - Armchair: Located to the left of the sofa, near the window, with a dark cushion or cover.
   - Window: On the left wall, allowing natural light to fill the room.
   - Radiator: Below the window.
   - Side Table: On the far left, holding a lamp and a few books.
   - Lamp: On the side table, with a white shade.
   - Chandelier: Hanging from the ceiling, adding a touch of elegance.
   - Wall Art: Above the sofa, depicting a famous artwork.
   - Plants: Several small plants are placed around the room, including one on the coffee table and another near the armchair.
   - Rug: A white rug is placed on the floor in front of the sofa.
   - Books/Magazines: On the right side table, next to a lamp with a white shade."
22,2,/Users/162191/Documents/GitHub/human_patterns_exploration/data/images/2unexp.jpg,10,/Users/162191/Documents/GitHub/human_patterns_exploration/outputs/masks_gaze_driven/best/IMG_2_unexp_Part_22_MASK_10_point_0.3242.png,82,321,99,459,point,101.9,385.9,Window,Window,Window,Window,Window,Window,Window,Window,Window,Window,Window,"1. Scene Overview: 
   The image depicts a bright and airy living room with a predominantly white color scheme. The room is well-lit, likely due to natural light coming through a large window. The decor is minimalistic with a touch of elegance, featuring a mix of modern and classic elements.

2. Identified Objects:
   - Sofa: Positioned on the right side of the room, covered with white cushions and a few decorative pillows.
   - Coffee Table: In front of the sofa, white with a lattice design, holding a bowl of fruit and a small plant.
   - Armchair: Located to the left of the sofa, near the window, with a dark cushion or cover.
   - Window: On the left wall, allowing natural light to fill the room.
   - Radiator: Below the window.
   - Side Table: On the far left, holding a lamp and a few books.
   - Lamp: On the side table, with a white shade.
   - Chandelier: Hanging from the ceiling, adding a touch of elegance.
   - Wall Art: Above the sofa, depicting a famous artwork.
   - Plants: Several small plants are placed around the room, including one on the coffee table and another near the armchair.
   - Rug: A white rug is placed on the floor in front of the sofa.
   - Books/Magazines: On the right side table, next to a lamp with a white shade."
22,2,/Users/162191/Documents/GitHub/human_patterns_exploration/data/images/2unexp.jpg,11,/Users/162191/Documents/GitHub/human_patterns_exploration/outputs/masks_gaze_driven/best/IMG_2_unexp_Part_22_MASK_11_point_0.3790.png,82,311,99,463,point,102.3,371.2,Window,Window,Window,Window,Window,Window,Window,Window,Window,Window,Window,"1. Scene Overview: 
   The image depicts a bright and airy living room with a predominantly white color scheme. The room is well-lit, likely due to natural light coming through a large window. The decor is minimalistic with a touch of elegance, featuring a mix of modern and classic elements.

2. Identified Objects:
   - Sofa: Positioned on the right side of the room, covered with white cushions and a few decorative pillows.
   - Coffee Table: In front of the sofa, white with a lattice design, holding a bowl of fruit and a small plant.
   - Armchair: Located to the left of the sofa, near the window, with a dark cushion or cover.
   - Window: On the left wall, allowing natural light to fill the room.
   - Radiator: Below the window.
   - Side Table: On the far left, holding a lamp and a few books.
   - Lamp: On the side table, with a white shade.
   - Chandelier: Hanging from the ceiling, adding a touch of elegance.
   - Wall Art: Above the sofa, depicting a famous artwork.
   - Plants: Several small plants are placed around the room, including one on the coffee table and another near the armchair.
   - Rug: A white rug is placed on the floor in front of the sofa.
   - Books/Magazines: On the right side table, next to a lamp with a white shade."
22,2,/Users/162191/Documents/GitHub/human_patterns_exploration/data/images/2unexp.jpg,20,/Users/162191/Documents/GitHub/human_patterns_exploration/outputs/masks_gaze_driven/best/IMG_2_unexp_Part_22_MASK_20_cross_0.8631.png,332,412,0,173,cross,338.9,105.5,Chandelier,Chandelier,Chandelier,Chandelier,Chandelier,Chandelier,Chandelier,Chandelier,Chandelier,Chandelier,Chandelier,"1. Scene Overview: 
   The image depicts a bright and airy living room with a predominantly white color scheme. The room is well-lit, likely due to natural light coming through a large window. The decor is minimalistic with a touch of elegance, featuring a mix of modern and classic elements.

2. Identified Objects:
   - Sofa: Positioned on the right side of the room, covered with white cushions and a few decorative pillows.
   - Coffee Table: In front of the sofa, white with a lattice design, holding a bowl of fruit and a small plant.
   - Armchair: Located to the left of the sofa, near the window, with a dark cushion or cover.
   - Window: On the left wall, allowing natural light to fill the room.
   - Radiator: Below the window.
   - Side Table: On the far left, holding a lamp and a few books.
   - Lamp: On the side table, with a white shade.
   - Chandelier: Hanging from the ceiling, adding a touch of elegance.
   - Wall Art: Above the sofa, depicting a famous artwork.
   - Plants: Several small plants are placed around the room, including one on the coffee table and another near the armchair.
   - Rug: A white rug is placed on the floor in front of the sofa.
   - Books/Magazines: On the right side table, next to a lamp with a white shade."
22,2,/Users/162191/Documents/GitHub/human_patterns_exploration/data/images/2unexp.jpg,5,/Users/162191/Documents/GitHub/human_patterns_exploration/outputs/masks_gaze_driven/best/IMG_2_unexp_Part_22_MASK_5_circle_0.6037.png,393,413,338,393,circle,398.6,368.9,Flower,Flower,Flower,Flower,Flower,Flower,Flower,Flower,Flower,Flower,Flower,"1. Scene Overview: 
   The image depicts a bright and airy living room with a predominantly white color scheme. The room is well-lit, likely due to natural light coming through a large window. The decor is minimalistic with a touch of elegance, featuring a mix of modern and classic elements.

2. Identified Objects:
   - Sofa: Positioned on the right side of the room, covered with white cushions and a few decorative pillows.
   - Coffee Table: In front of the sofa, white with a lattice design, holding a bowl of fruit and a small plant.
   - Armchair: Located to the left of the sofa, near the window, with a dark cushion or cover.
   - Window: On the left wall, allowing natural light to fill the room.
   - Radiator: Below the window.
   - Side Table: On the far left, holding a lamp and a few books.
   - Lamp: On the side table, with a white shade.
   - Chandelier: Hanging from the ceiling, adding a touch of elegance.
   - Wall Art: Above the sofa, depicting a famous artwork.
   - Plants: Several small plants are placed around the room, including one on the coffee table and another near the armchair.
   - Rug: A white rug is placed on the floor in front of the sofa.
   - Books/Magazines: On the right side table, next to a lamp with a white shade."
22,2,/Users/162191/Documents/GitHub/human_patterns_exploration/data/images/2unexp.jpg,19,/Users/162191/Documents/GitHub/human_patterns_exploration/outputs/masks_gaze_driven/best/IMG_2_unexp_Part_22_MASK_19_point_0.9072.png,504,685,206,300,point,593.6,275.2,Hands,Hands,Hands,Hands,Hands,Hands,Hands,Hands,Hands,Hands,Hands,"1. Scene Overview: 
   The image depicts a bright and airy living room with a predominantly white color scheme. The room is well-lit, likely due to natural light coming through a large window. The decor is minimalistic with a touch of elegance, featuring a mix of modern and classic elements.

2. Identified Objects:
   - Sofa: Positioned on the right side of the room, covered with white cushions and a few decorative pillows.
   - Coffee Table: In front of the sofa, white with a lattice design, holding a bowl of fruit and a small plant.
   - Armchair: Located to the left of the sofa, near the window, with a dark cushion or cover.
   - Window: On the left wall, allowing natural light to fill the room.
   - Radiator: Below the window.
   - Side Table: On the far left, holding a lamp and a few books.
   - Lamp: On the side table, with a white shade.
   - Chandelier: Hanging from the ceiling, adding a touch of elegance.
   - Wall Art: Above the sofa, depicting a famous artwork.
   - Plants: Several small plants are placed around the room, including one on the coffee table and another near the armchair.
   - Rug: A white rug is placed on the floor in front of the sofa.
   - Books/Magazines: On the right side table, next to a lamp with a white shade."
22,2,/Users/162191/Documents/GitHub/human_patterns_exploration/data/images/2unexp.jpg,3,/Users/162191/Documents/GitHub/human_patterns_exploration/outputs/masks_gaze_driven/best/IMG_2_unexp_Part_22_MASK_3_point_0.9519.png,570,632,356,421,point,620.8,389.6,Pillow,Pillow,Pillow,Pillow,Pillow,Pillow,Pillow,Pillow,Pillow,Pillow,Pillow,"1. Scene Overview: 
   The image depicts a bright and airy living room with a minimalist and modern design. The room is predominantly white, enhancing the natural light coming through the window. The decor includes a mix of contemporary and classic elements, creating a cozy and inviting atmosphere.

2. Identified Objects:
   - Sofa: Positioned on the right side of the room, covered with white cushions and a few darker accent pillows.
   - Coffee Table: In front of the sofa, featuring a white lattice design, with a bowl of fruit and a vase with flowers on top.
   - Armchair: Located near the window, with a dark cushion or cover.
   - Window: On the left side, allowing natural light to fill the room.
   - Radiator: Below the window.
   - Side Table: On the far left, with a lamp and a few books or magazines.
   - Chandelier: Hanging from the ceiling, adding a touch of elegance.
   - Wall Art: Above the sofa, depicting a famous artwork.
   - Plants: Several potted plants are placed around the room, adding greenery.
   - Floor Lamp: On the right side, with a white lampshade.
   - Rug: A white rug on the floor, adding texture to the space."
22,2,/Users/162191/Documents/GitHub/human_patterns_exploration/data/images/2unexp.jpg,1,/Users/162191/Documents/GitHub/human_patterns_exploration/outputs/masks_gaze_driven/best/IMG_2_unexp_Part_22_MASK_1_point_0.9773.png,472,545,336,401,point,484.9,392.5,Pillow,Pillow,Pillow,Pillow,Pillow,Pillow,Pillow,Pillow,Pillow,Pillow,Pillow,"1. Scene Overview: 
   The image depicts a bright and airy living room with a minimalist and modern design. The room is predominantly white, enhancing the natural light coming through the window. The decor includes a mix of contemporary and classic elements, creating a cozy and inviting atmosphere.

2. Identified Objects:
   - Sofa: Positioned on the right side of the room, covered with white cushions and a few darker accent pillows.
   - Coffee Table: In front of the sofa, featuring a white lattice design, with a bowl of fruit and a vase with flowers on top.
   - Armchair: Located near the window, with a dark cushion or cover.
   - Window: On the left side, allowing natural light to fill the room.
   - Radiator: Below the window.
   - Side Table: On the far left, with a lamp and a few books or magazines.
   - Chandelier: Hanging from the ceiling, adding a touch of elegance.
   - Wall Art: Above the sofa, depicting a famous artwork.
   - Plants: Several potted plants are placed around the room, adding greenery.
   - Floor Lamp: On the right side, with a white lampshade.
   - Rug: A white rug on the floor, adding texture to the space."
22,2,/Users/162191/Documents/GitHub/human_patterns_exploration/data/images/2unexp.jpg,15,/Users/162191/Documents/GitHub/human_patterns_exploration/outputs/masks_gaze_driven/best/IMG_2_unexp_Part_22_MASK_15_cross_0.6610.png,703,758,349,397,cross,753.1,374.0,Pillow,Pillow,Pillow,Pillow,Pillow,Pillow,Pillow,Pillow,Pillow,Pillow,Pillow,"1. Scene Overview: 
   The image depicts a bright and airy living room with a minimalist and modern design. The room is predominantly white, enhancing the natural light coming through the window. The decor includes a mix of contemporary and classic elements, creating a cozy and inviting atmosphere.

2. Identified Objects:
   - Sofa: Positioned on the right side of the room, covered with white cushions and a few darker accent pillows.
   - Coffee Table: In front of the sofa, featuring a white lattice design, with a bowl of fruit and a vase with flowers on top.
   - Armchair: Located near the window, with a dark cushion or cover.
   - Window: On the left side, allowing natural light to fill the room.
   - Radiator: Below the window.
   - Side Table: On the far left, with a lamp and a few books or magazines.
   - Chandelier: Hanging from the ceiling, adding a touch of elegance.
   - Wall Art: Above the sofa, depicting a famous artwork.
   - Plants: Several potted plants are placed around the room, adding greenery.
   - Floor Lamp: On the right side, with a white lampshade.
   - Rug: A white rug on the floor, adding texture to the space."
22,2,/Users/162191/Documents/GitHub/human_patterns_exploration/data/images/2unexp.jpg,8,/Users/162191/Documents/GitHub/human_patterns_exploration/outputs/masks_gaze_driven/best/IMG_2_unexp_Part_22_MASK_8_point_0.8995.png,115,192,213,345,point,147.3,309.3,[Book],[Bird],Faucet,Faucet,[Book],Bird,[Faucet],[Book],[Bird],Bird,[Book],"1. Scene Overview: 
   The image depicts a bright and airy living room with a minimalist and modern design. The room is predominantly white, enhancing the natural light coming through the window. The decor includes a mix of contemporary and classic elements, creating a cozy and inviting atmosphere.

2. Identified Objects:
   - Sofa: Positioned on the right side of the room, covered with white cushions and a few darker accent pillows.
   - Coffee Table: In front of the sofa, featuring a white lattice design, with a bowl of fruit and a vase with flowers on top.
   - Armchair: Located near the window, with a dark cushion or cover.
   - Window: On the left side, allowing natural light to fill the room.
   - Radiator: Below the window.
   - Side Table: On the far left, with a lamp and a few books or magazines.
   - Chandelier: Hanging from the ceiling, adding a touch of elegance.
   - Wall Art: Above the sofa, depicting a famous artwork.
   - Plants: Several potted plants are placed around the room, adding greenery.
   - Floor Lamp: On the right side, with a white lampshade.
   - Rug: A white rug on the floor, adding texture to the space."
22,2,/Users/162191/Documents/GitHub/human_patterns_exploration/data/images/2unexp.jpg,21,/Users/162191/Documents/GitHub/human_patterns_exploration/outputs/masks_gaze_driven/best/IMG_2_unexp_Part_22_MASK_21_triangle_0.8809.png,333,412,0,173,triangle,372.5,97.5,Chandelier,Chandelier,Chandelier,Chandelier,Chandelier,Chandelier,Chandelier,Chandelier,Chandelier,Chandelier,Chandelier,"1. Scene Overview: 
   The image depicts a bright and airy living room with a minimalist and modern design. The room is predominantly white, enhancing the natural light coming through the window. The decor includes a mix of contemporary and classic elements, creating a cozy and inviting atmosphere.

2. Identified Objects:
   - Sofa: Positioned on the right side of the room, covered with white cushions and a few darker accent pillows.
   - Coffee Table: In front of the sofa, featuring a white lattice design, with a bowl of fruit and a vase with flowers on top.
   - Armchair: Located near the window, with a dark cushion or cover.
   - Window: On the left side, allowing natural light to fill the room.
   - Radiator: Below the window.
   - Side Table: On the far left, with a lamp and a few books or magazines.
   - Chandelier: Hanging from the ceiling, adding a touch of elegance.
   - Wall Art: Above the sofa, depicting a famous artwork.
   - Plants: Several potted plants are placed around the room, adding greenery.
   - Floor Lamp: On the right side, with a white lampshade.
   - Rug: A white rug on the floor, adding texture to the space."
22,2,/Users/162191/Documents/GitHub/human_patterns_exploration/data/images/2unexp.jpg,4,/Users/162191/Documents/GitHub/human_patterns_exploration/outputs/masks_gaze_driven/best/IMG_2_unexp_Part_22_MASK_4_point_0.9063.png,444,481,346,391,point,475.3,380.6,Bark,Bark,Paper,Bark,Bark,Bark,Rock,Paper,Rock,Bark,Bark,"1. Scene Overview: 
   The image depicts a bright and airy living room with a minimalist and modern design. The room is predominantly white, enhancing the natural light coming through the window. The decor includes a mix of contemporary and classic elements, creating a cozy and inviting atmosphere.

2. Identified Objects:
   - Sofa: Positioned on the right side of the room, covered with white cushions and a few darker accent pillows.
   - Coffee Table: In front of the sofa, featuring a white lattice design, with a bowl of fruit and a vase with flowers on top.
   - Armchair: Located near the window, with a dark cushion or cover.
   - Window: On the left side, allowing natural light to fill the room.
   - Radiator: Below the window.
   - Side Table: On the far left, with a lamp and a few books or magazines.
   - Chandelier: Hanging from the ceiling, adding a touch of elegance.
   - Wall Art: Above the sofa, depicting a famous artwork.
   - Plants: Several potted plants are placed around the room, adding greenery.
   - Floor Lamp: On the right side, with a white lampshade.
   - Rug: A white rug on the floor, adding texture to the space."
22,2,/Users/162191/Documents/GitHub/human_patterns_exploration/data/images/2unexp.jpg,7,/Users/162191/Documents/GitHub/human_patterns_exploration/outputs/masks_gaze_driven/best/IMG_2_unexp_Part_22_MASK_7_point_0.7792.png,176,269,285,338,point,216.2,290.4,[Giraffe],[Giraffe],[Giraffe],[Giraffe],[Giraffe],[Giraffe],[Giraffe],[Giraffe],[Giraffe],[Giraffe],[Giraffe],"1. Scene Overview: 
   The image depicts a bright and airy living room with a minimalist and modern design. The room is predominantly white, enhancing the natural light coming through the window. The decor includes a mix of contemporary and classic elements, creating a cozy and inviting atmosphere.

2. Identified Objects:
   - Sofa: Positioned on the right side of the room, covered with white cushions and a few darker accent pillows.
   - Coffee Table: In front of the sofa, featuring a white lattice design, with a bowl of fruit and a vase with flowers on top.
   - Armchair: Located near the window, with a dark cushion or cover.
   - Window: On the left side, allowing natural light to fill the room.
   - Radiator: Below the window.
   - Side Table: On the far left, with a lamp and a few books or magazines.
   - Chandelier: Hanging from the ceiling, adding a touch of elegance.
   - Wall Art: Above the sofa, depicting a famous artwork.
   - Plants: Several potted plants are placed around the room, adding greenery.
   - Floor Lamp: On the right side, with a white lampshade.
   - Rug: A white rug on the floor, adding texture to the space."
22,2,/Users/162191/Documents/GitHub/human_patterns_exploration/data/images/2unexp.jpg,0,/Users/162191/Documents/GitHub/human_patterns_exploration/outputs/masks_gaze_driven/best/IMG_2_unexp_Part_22_MASK_0_point_0.4257.png,82,311,99,463,point,112.2,372.6,Window,Window,Window,Window,Window,Window,Window,Window,Window,Window,Window,"1. Scene Overview: 
   The image depicts a bright and airy living room with a minimalist and modern design. The room is predominantly white, enhancing the natural light coming through the window. The decor includes a mix of contemporary and classic elements, creating a cozy and inviting atmosphere.

2. Identified Objects:
   - Sofa: Positioned on the right side of the room, covered with white cushions and a few darker accent pillows.
   - Coffee Table: In front of the sofa, featuring a white lattice design, with a bowl of fruit and a vase with flowers on top.
   - Armchair: Located near the window, with a dark cushion or cover.
   - Window: On the left side, allowing natural light to fill the room.
   - Radiator: Below the window.
   - Side Table: On the far left, with a lamp and a few books or magazines.
   - Chandelier: Hanging from the ceiling, adding a touch of elegance.
   - Wall Art: Above the sofa, depicting a famous artwork.
   - Plants: Several potted plants are placed around the room, adding greenery.
   - Floor Lamp: On the right side, with a white lampshade.
   - Rug: A white rug on the floor, adding texture to the space."
22,2,/Users/162191/Documents/GitHub/human_patterns_exploration/data/images/2unexp.jpg,2,/Users/162191/Documents/GitHub/human_patterns_exploration/outputs/masks_gaze_driven/best/IMG_2_unexp_Part_22_MASK_2_point_0.8200.png,736,797,427,477,point,762.0,464.8,Bowl,Bowl,Bowl,Bowl,Bowl,Bowl,Bowl,Bowl,Bowl,Bowl,Bowl,"1. Scene Overview: 
   The image depicts a bright and airy living room with a minimalist and modern design. The room is predominantly white, enhancing the natural light coming through the window. The decor includes a mix of contemporary and classic elements, creating a cozy and inviting atmosphere.

2. Identified Objects:
   - Sofa: Positioned on the right side of the room, covered with white cushions and a few darker accent pillows.
   - Coffee Table: In front of the sofa, featuring a white lattice design, with a bowl of fruit and a vase with flowers on top.
   - Armchair: Located near the window, with a dark cushion or cover.
   - Window: On the left side, allowing natural light to fill the room.
   - Radiator: Below the window.
   - Side Table: On the far left, with a lamp and a few books or magazines.
   - Chandelier: Hanging from the ceiling, adding a touch of elegance.
   - Wall Art: Above the sofa, depicting a famous artwork.
   - Plants: Several potted plants are placed around the room, adding greenery.
   - Floor Lamp: On the right side, with a white lampshade.
   - Rug: A white rug on the floor, adding texture to the space."
22,2,/Users/162191/Documents/GitHub/human_patterns_exploration/data/images/2unexp.jpg,13,/Users/162191/Documents/GitHub/human_patterns_exploration/outputs/masks_gaze_driven/best/IMG_2_unexp_Part_22_MASK_13_point_0.9334.png,292,387,314,463,point,332.8,395.0,Chair,Chair,Chair,Chair,Chair,Chair,Chair,Chair,Chair,Chair,Chair,"1. Scene Overview: 
   The image depicts a bright and airy living room with a minimalist and modern design. The room is predominantly white, enhancing the natural light coming through the window. The decor includes a mix of contemporary and classic elements, creating a cozy and inviting atmosphere.

2. Identified Objects:
   - Sofa: Positioned on the right side of the room, covered with white cushions and a few darker accent pillows.
   - Coffee Table: In front of the sofa, featuring a white lattice design, with a bowl of fruit and a vase with flowers on top.
   - Armchair: Located near the window, with a dark cushion or cover.
   - Window: On the left side, allowing natural light to fill the room.
   - Radiator: Below the window.
   - Side Table: On the far left, with a lamp and a few books or magazines.
   - Chandelier: Hanging from the ceiling, adding a touch of elegance.
   - Wall Art: Above the sofa, depicting a famous artwork.
   - Plants: Several potted plants are placed around the room, adding greenery.
   - Floor Lamp: On the right side, with a white lampshade.
   - Rug: A white rug on the floor, adding texture to the space."
22,2,/Users/162191/Documents/GitHub/human_patterns_exploration/data/images/2unexp.jpg,12,/Users/162191/Documents/GitHub/human_patterns_exploration/outputs/masks_gaze_driven/best/IMG_2_unexp_Part_22_MASK_12_point_0.9430.png,292,387,314,463,point,373.1,414.5,Chair,Chair,Chair,Chair,Chair,Chair,Chair,Chair,Chair,Chair,Chair,"1. Scene Overview: 
   The image depicts a bright and airy living room with a minimalist and modern design. The room is predominantly white, enhancing the natural light coming through the window. The decor includes a mix of contemporary and classic elements, creating a cozy and inviting atmosphere.

2. Identified Objects:
   - Sofa: Positioned on the right side of the room, covered with white cushions and a few darker accent pillows.
   - Coffee Table: In front of the sofa, featuring a white lattice design, with a bowl of fruit and a vase with flowers on top.
   - Armchair: Located near the window, with a dark cushion or cover.
   - Window: On the left side, allowing natural light to fill the room.
   - Radiator: Below the window.
   - Side Table: On the far left, with a lamp and a few books or magazines.
   - Chandelier: Hanging from the ceiling, adding a touch of elegance.
   - Wall Art: Above the sofa, depicting a famous artwork.
   - Plants: Several potted plants are placed around the room, adding greenery.
   - Floor Lamp: On the right side, with a white lampshade.
   - Rug: A white rug on the floor, adding texture to the space."
22,2,/Users/162191/Documents/GitHub/human_patterns_exploration/data/images/2unexp.jpg,18,/Users/162191/Documents/GitHub/human_patterns_exploration/outputs/masks_gaze_driven/best/IMG_2_unexp_Part_22_MASK_18_cross_0.6354.png,743,799,273,558,cross,786.3,475.8,Lamp,Lamp,Lamp,Lamp,Lamp,Lamp,Lamp,Lamp,Lamp,Lamp,Lamp,"1. Scene Overview: 
   The image depicts a bright and airy living room with a minimalist and modern design. The room is predominantly white, enhancing the natural light coming through the window. The decor includes a mix of contemporary and classic elements, creating a cozy and inviting atmosphere.

2. Identified Objects:
   - Sofa: Positioned on the right side of the room, covered with white cushions and a few darker accent pillows.
   - Coffee Table: In front of the sofa, featuring a white lattice design, with a bowl of fruit and a vase with flowers on top.
   - Armchair: Located near the window, with a dark cushion or cover.
   - Window: On the left side, allowing natural light to fill the room.
   - Radiator: Below the window.
   - Side Table: On the far left, with a lamp and a few books or magazines.
   - Chandelier: Hanging from the ceiling, adding a touch of elegance.
   - Wall Art: Above the sofa, depicting a famous artwork.
   - Plants: Several potted plants are placed around the room, adding greenery.
   - Floor Lamp: On the right side, with a white lampshade.
   - Rug: A white rug on the floor, adding texture to the space."
22,2,/Users/162191/Documents/GitHub/human_patterns_exploration/data/images/2unexp.jpg,6,/Users/162191/Documents/GitHub/human_patterns_exploration/outputs/masks_gaze_driven/best/IMG_2_unexp_Part_22_MASK_6_triangle_0.5225.png,205,269,283,338,triangle,206.3,308.5,Faucet,Faucet,Faucet,[Termites],Faucet,Faucet,Faucet,Faucet,Faucet,Faucet,Faucet,"1. Scene Overview: 
   The image depicts a bright and airy living room with a minimalist and modern design. The room is predominantly white, enhancing the natural light coming through the window. The decor includes a mix of contemporary and classic elements, creating a cozy and inviting atmosphere.

2. Identified Objects:
   - Sofa: Positioned on the right side of the room, covered with white cushions and a few darker accent pillows.
   - Coffee Table: In front of the sofa, featuring a white lattice design, with a bowl of fruit and a vase with flowers on top.
   - Armchair: Located near the window, with a dark cushion or cover.
   - Window: On the left side, allowing natural light to fill the room.
   - Radiator: Below the window.
   - Side Table: On the far left, with a lamp and a few books or magazines.
   - Chandelier: Hanging from the ceiling, adding a touch of elegance.
   - Wall Art: Above the sofa, depicting a famous artwork.
   - Plants: Several potted plants are placed around the room, adding greenery.
   - Floor Lamp: On the right side, with a white lampshade.
   - Rug: A white rug on the floor, adding texture to the space."
22,2,/Users/162191/Documents/GitHub/human_patterns_exploration/data/images/2unexp.jpg,14,/Users/162191/Documents/GitHub/human_patterns_exploration/outputs/masks_gaze_driven/best/IMG_2_unexp_Part_22_MASK_14_triangle_0.5009.png,676,779,390,464,triangle,772.7,415.2,Plant,Plant,Plant,Plant,Plant,Plant,Plant,Plant,Plant,Plant,Plant,"1. Scene Overview: 
   The image depicts a bright and airy living room with a minimalist and modern design. The room is predominantly white, enhancing the natural light coming through the window. The decor includes a mix of contemporary and classic elements, creating a cozy and inviting atmosphere.

2. Identified Objects:
   - Sofa: Positioned on the right side of the room, covered with white cushions and a few darker accent pillows.
   - Coffee Table: In front of the sofa, featuring a white lattice design, with a bowl of fruit and a vase with flowers on top.
   - Armchair: Located near the window, with a dark cushion or cover.
   - Window: On the left side, allowing natural light to fill the room.
   - Radiator: Below the window.
   - Side Table: On the far left, with a lamp and a few books or magazines.
   - Chandelier: Hanging from the ceiling, adding a touch of elegance.
   - Wall Art: Above the sofa, depicting a famous artwork.
   - Plants: Several potted plants are placed around the room, adding greenery.
   - Floor Lamp: On the right side, with a white lampshade.
   - Rug: A white rug on the floor, adding texture to the space."
22,2,/Users/162191/Documents/GitHub/human_patterns_exploration/data/images/2unexp.jpg,16,/Users/162191/Documents/GitHub/human_patterns_exploration/outputs/masks_gaze_driven/best/IMG_2_unexp_Part_22_MASK_16_point_0.9560.png,649,724,356,439,point,680.2,401.4,Pillow,Pillow,Pillow,Pillow,Pillow,Pillow,Pillow,Pillow,Pillow,Pillow,Pillow,"1. Scene Overview: 
   The image depicts a bright and airy living room with a minimalist and modern design. The room is predominantly white, enhancing the natural light coming through the window. The decor includes a mix of contemporary and classic elements, creating a cozy and inviting atmosphere.

2. Identified Objects:
   - Sofa: Positioned on the right side of the room, covered with white cushions and a few darker accent pillows.
   - Coffee Table: In front of the sofa, featuring a white lattice design, with a bowl of fruit and a vase with flowers on top.
   - Armchair: Located near the window, with a dark cushion or cover.
   - Window: On the left side, allowing natural light to fill the room.
   - Radiator: Below the window.
   - Side Table: On the far left, with a lamp and a few books or magazines.
   - Chandelier: Hanging from the ceiling, adding a touch of elegance.
   - Wall Art: Above the sofa, depicting a famous artwork.
   - Plants: Several potted plants are placed around the room, adding greenery.
   - Floor Lamp: On the right side, with a white lampshade.
   - Rug: A white rug on the floor, adding texture to the space."
22,2,/Users/162191/Documents/GitHub/human_patterns_exploration/data/images/2unexp.jpg,17,/Users/162191/Documents/GitHub/human_patterns_exploration/outputs/masks_gaze_driven/best/IMG_2_unexp_Part_22_MASK_17_point_0.9466.png,659,799,468,522,point,737.8,481.5,Brochure,Brochure,Brochure,Brochure,Brochure,Brochure,Brochure,Brochure,Brochure,Brochure,Brochure,"1. Scene Overview: 
   The image depicts a bright and airy living room with a minimalist and modern design. The room is predominantly white, enhancing the natural light coming through the window. The decor includes a mix of contemporary and classic elements, creating a cozy and inviting atmosphere.

2. Identified Objects:
   - Sofa: Positioned on the right side of the room, covered with white cushions and a few darker accent pillows.
   - Coffee Table: In front of the sofa, featuring a white lattice design, with a bowl of fruit and a vase with flowers on top.
   - Armchair: Located near the window, with a dark cushion or cover.
   - Window: On the left side, allowing natural light to fill the room.
   - Radiator: Below the window.
   - Side Table: On the far left, with a lamp and a few books or magazines.
   - Chandelier: Hanging from the ceiling, adding a touch of elegance.
   - Wall Art: Above the sofa, depicting a famous artwork.
   - Plants: Several potted plants are placed around the room, adding greenery.
   - Floor Lamp: On the right side, with a white lampshade.
   - Rug: A white rug on the floor, adding texture to the space."
22,2,/Users/162191/Documents/GitHub/human_patterns_exploration/data/images/2unexp.jpg,9,/Users/162191/Documents/GitHub/human_patterns_exploration/outputs/masks_gaze_driven/best/IMG_2_unexp_Part_22_MASK_9_circle_0.4922.png,0,84,56,423,circle,75.7,408.3,Lamp,Lamp,Lamp,Lamp,Lamp,Lamp,Lamp,Lamp,Lamp,Lamp,Lamp,"1. Scene Overview: 
   The image depicts a bright and airy living room with a minimalist and modern design. The room is predominantly white, enhancing the natural light coming through the window. The decor includes a mix of contemporary and classic elements, creating a cozy and inviting atmosphere.

2. Identified Objects:
   - Sofa: Positioned on the right side of the room, covered with white cushions and a few darker accent pillows.
   - Coffee Table: In front of the sofa, featuring a white lattice design, with a bowl of fruit and a vase with flowers on top.
   - Armchair: Located near the window, with a dark cushion or cover.
   - Window: On the left side, allowing natural light to fill the room.
   - Radiator: Below the window.
   - Side Table: On the far left, with a lamp and a few books or magazines.
   - Chandelier: Hanging from the ceiling, adding a touch of elegance.
   - Wall Art: Above the sofa, depicting a famous artwork.
   - Plants: Several potted plants are placed around the room, adding greenery.
   - Floor Lamp: On the right side, with a white lampshade.
   - Rug: A white rug on the floor, adding texture to the space."
22,2,/Users/162191/Documents/GitHub/human_patterns_exploration/data/images/2unexp.jpg,10,/Users/162191/Documents/GitHub/human_patterns_exploration/outputs/masks_gaze_driven/best/IMG_2_unexp_Part_22_MASK_10_point_0.3242.png,82,321,99,459,point,101.9,385.9,Window,Window,Window,Window,Window,Window,Window,Window,Window,Window,Window,"1. Scene Overview: 
   The image depicts a bright and airy living room with a minimalist and modern design. The room is predominantly white, enhancing the natural light coming through the window. The decor includes a mix of contemporary and classic elements, creating a cozy and inviting atmosphere.

2. Identified Objects:
   - Sofa: Positioned on the right side of the room, covered with white cushions and a few darker accent pillows.
   - Coffee Table: In front of the sofa, featuring a white lattice design, with a bowl of fruit and a vase with flowers on top.
   - Armchair: Located near the window, with a dark cushion or cover.
   - Window: On the left side, allowing natural light to fill the room.
   - Radiator: Below the window.
   - Side Table: On the far left, with a lamp and a few books or magazines.
   - Chandelier: Hanging from the ceiling, adding a touch of elegance.
   - Wall Art: Above the sofa, depicting a famous artwork.
   - Plants: Several potted plants are placed around the room, adding greenery.
   - Floor Lamp: On the right side, with a white lampshade.
   - Rug: A white rug on the floor, adding texture to the space."
22,2,/Users/162191/Documents/GitHub/human_patterns_exploration/data/images/2unexp.jpg,11,/Users/162191/Documents/GitHub/human_patterns_exploration/outputs/masks_gaze_driven/best/IMG_2_unexp_Part_22_MASK_11_point_0.3790.png,82,311,99,463,point,102.3,371.2,Window,Window,Window,Window,Window,Window,Window,Window,Window,Window,Window,"1. Scene Overview: 
   The image depicts a bright and airy living room with a minimalist and modern design. The room is predominantly white, enhancing the natural light coming through the window. The decor includes a mix of contemporary and classic elements, creating a cozy and inviting atmosphere.

2. Identified Objects:
   - Sofa: Positioned on the right side of the room, covered with white cushions and a few darker accent pillows.
   - Coffee Table: In front of the sofa, featuring a white lattice design, with a bowl of fruit and a vase with flowers on top.
   - Armchair: Located near the window, with a dark cushion or cover.
   - Window: On the left side, allowing natural light to fill the room.
   - Radiator: Below the window.
   - Side Table: On the far left, with a lamp and a few books or magazines.
   - Chandelier: Hanging from the ceiling, adding a touch of elegance.
   - Wall Art: Above the sofa, depicting a famous artwork.
   - Plants: Several potted plants are placed around the room, adding greenery.
   - Floor Lamp: On the right side, with a white lampshade.
   - Rug: A white rug on the floor, adding texture to the space."
22,2,/Users/162191/Documents/GitHub/human_patterns_exploration/data/images/2unexp.jpg,20,/Users/162191/Documents/GitHub/human_patterns_exploration/outputs/masks_gaze_driven/best/IMG_2_unexp_Part_22_MASK_20_cross_0.8631.png,332,412,0,173,cross,338.9,105.5,Chandelier,Chandelier,Chandelier,Chandelier,Chandelier,Chandelier,Chandelier,Chandelier,Chandelier,Chandelier,Chandelier,"1. Scene Overview: 
   The image depicts a bright and airy living room with a minimalist and modern design. The room is predominantly white, enhancing the natural light coming through the window. The decor includes a mix of contemporary and classic elements, creating a cozy and inviting atmosphere.

2. Identified Objects:
   - Sofa: Positioned on the right side of the room, covered with white cushions and a few darker accent pillows.
   - Coffee Table: In front of the sofa, featuring a white lattice design, with a bowl of fruit and a vase with flowers on top.
   - Armchair: Located near the window, with a dark cushion or cover.
   - Window: On the left side, allowing natural light to fill the room.
   - Radiator: Below the window.
   - Side Table: On the far left, with a lamp and a few books or magazines.
   - Chandelier: Hanging from the ceiling, adding a touch of elegance.
   - Wall Art: Above the sofa, depicting a famous artwork.
   - Plants: Several potted plants are placed around the room, adding greenery.
   - Floor Lamp: On the right side, with a white lampshade.
   - Rug: A white rug on the floor, adding texture to the space."
22,2,/Users/162191/Documents/GitHub/human_patterns_exploration/data/images/2unexp.jpg,5,/Users/162191/Documents/GitHub/human_patterns_exploration/outputs/masks_gaze_driven/best/IMG_2_unexp_Part_22_MASK_5_circle_0.6037.png,393,413,338,393,circle,398.6,368.9,Flower,Flower,Flower,Flower,Flower,Flower,Flower,Flower,Flower,Flower,Flower,"1. Scene Overview: 
   The image depicts a bright and airy living room with a minimalist and modern design. The room is predominantly white, enhancing the natural light coming through the window. The decor includes a mix of contemporary and classic elements, creating a cozy and inviting atmosphere.

2. Identified Objects:
   - Sofa: Positioned on the right side of the room, covered with white cushions and a few darker accent pillows.
   - Coffee Table: In front of the sofa, featuring a white lattice design, with a bowl of fruit and a vase with flowers on top.
   - Armchair: Located near the window, with a dark cushion or cover.
   - Window: On the left side, allowing natural light to fill the room.
   - Radiator: Below the window.
   - Side Table: On the far left, with a lamp and a few books or magazines.
   - Chandelier: Hanging from the ceiling, adding a touch of elegance.
   - Wall Art: Above the sofa, depicting a famous artwork.
   - Plants: Several potted plants are placed around the room, adding greenery.
   - Floor Lamp: On the right side, with a white lampshade.
   - Rug: A white rug on the floor, adding texture to the space."
22,2,/Users/162191/Documents/GitHub/human_patterns_exploration/data/images/2unexp.jpg,19,/Users/162191/Documents/GitHub/human_patterns_exploration/outputs/masks_gaze_driven/best/IMG_2_unexp_Part_22_MASK_19_point_0.9072.png,504,685,206,300,point,593.6,275.2,Hands,Hands,Hands,Hands,Hands,Hands,Hands,Hands,Hands,Hands,Hands,"1. Scene Overview: 
   The image depicts a bright and airy living room with a minimalist and modern design. The room is predominantly white, enhancing the natural light coming through the window. The decor includes a mix of contemporary and classic elements, creating a cozy and inviting atmosphere.

2. Identified Objects:
   - Sofa: Positioned on the right side of the room, covered with white cushions and a few darker accent pillows.
   - Coffee Table: In front of the sofa, featuring a white lattice design, with a bowl of fruit and a vase with flowers on top.
   - Armchair: Located near the window, with a dark cushion or cover.
   - Window: On the left side, allowing natural light to fill the room.
   - Radiator: Below the window.
   - Side Table: On the far left, with a lamp and a few books or magazines.
   - Chandelier: Hanging from the ceiling, adding a touch of elegance.
   - Wall Art: Above the sofa, depicting a famous artwork.
   - Plants: Several potted plants are placed around the room, adding greenery.
   - Floor Lamp: On the right side, with a white lampshade.
   - Rug: A white rug on the floor, adding texture to the space."
23,2,/Users/162191/Documents/GitHub/human_patterns_exploration/data/images/2unexp.jpg,1,/Users/162191/Documents/GitHub/human_patterns_exploration/outputs/masks_gaze_driven/best/IMG_2_unexp_Part_23_MASK_1_triangle_0.8536.png,117,192,213,338,triangle,180.3,289.9,[Lamp],[Lamp],[Lamp],[Lamp],[Lamp],[Showerhead],[Lamp],[Showerhead],[Showerhead],[Showerhead],[Lamp],"1. Scene Overview:
   - The image depicts a bright and airy living room with a minimalist and modern design. The room is predominantly white, creating a clean and spacious feel. Natural light is streaming in through a large window, enhancing the brightness of the space.

2. Identified Objects:
   - Sofa: A white sofa is positioned against the right wall, adorned with several cushions in various shades of white and gray.
   - Coffee Table: In front of the sofa, there is a white, lattice-patterned coffee table. On it, there is a bowl of fruit and a small plant.
   - Armchair: To the left of the sofa, near the window, there is a wooden armchair with a dark cushion.
   - Window: A large window on the left wall allows natural light to flood the room. It has a windowsill with a small plant and a decorative item.
   - Radiator: Below the window, there is a white radiator.
   - Chandelier: A decorative chandelier hangs from the ceiling, adding elegance to the room.
   - Wall Art: Above the sofa, there is a piece of artwork depicting two hands reaching towards each other.
   - Side Tables: There are two wooden side tables, one on each side of the sofa. The left table holds a lamp and some books, while the right table has a lamp and a stack of magazines.
   - Plants: Several potted plants are placed around the room, adding a touch of greenery.
   - Rug: A white rug is laid out on the floor in front of the sofa, complementing the overall color scheme."
23,2,/Users/162191/Documents/GitHub/human_patterns_exploration/data/images/2unexp.jpg,0,/Users/162191/Documents/GitHub/human_patterns_exploration/outputs/masks_gaze_driven/best/IMG_2_unexp_Part_23_MASK_0_circle_0.3219.png,51,82,347,423,circle,60.2,381.1,Curtain,Curtain,Curtain,Wall,[Wall],[Curtain],[Curtain],Curtain,Curtain,Curtain,Curtain,"1. Scene Overview:
   - The image depicts a bright and airy living room with a minimalist and modern design. The room is predominantly white, creating a clean and spacious feel. Natural light is streaming in through a large window, enhancing the brightness of the space.

2. Identified Objects:
   - Sofa: A white sofa is positioned against the right wall, adorned with several cushions in various shades of white and gray.
   - Coffee Table: In front of the sofa, there is a white, lattice-patterned coffee table. On it, there is a bowl of fruit and a small plant.
   - Armchair: To the left of the sofa, near the window, there is a wooden armchair with a dark cushion.
   - Window: A large window on the left wall allows natural light to flood the room. It has a windowsill with a small plant and a decorative item.
   - Radiator: Below the window, there is a white radiator.
   - Chandelier: A decorative chandelier hangs from the ceiling, adding elegance to the room.
   - Wall Art: Above the sofa, there is a piece of artwork depicting two hands reaching towards each other.
   - Side Tables: There are two wooden side tables, one on each side of the sofa. The left table holds a lamp and some books, while the right table has a lamp and a stack of magazines.
   - Plants: Several potted plants are placed around the room, adding a touch of greenery.
   - Rug: A white rug is laid out on the floor in front of the sofa, complementing the overall color scheme."
29,2,/Users/162191/Documents/GitHub/human_patterns_exploration/data/images/2unexp.jpg,4,/Users/162191/Documents/GitHub/human_patterns_exploration/outputs/masks_gaze_driven/best/IMG_2_unexp_Part_29_MASK_4_point_0.9258.png,208,270,220,289,point,222.3,284.3,Mirror,[Door],Mirror,[Door],[Window],[Door],[Door],Mirror,Mirror,[Door],[Door],"1. Scene Overview: 
   The image depicts a bright and airy living room with a minimalist and modern design. The room is predominantly white, with natural light streaming in through a large window. The decor includes a mix of contemporary and classic elements, creating a cozy and inviting atmosphere.

2. Identified Objects:
   - Sofa: Positioned on the right side, covered with white cushions and a few decorative pillows.
   - Coffee Table: In front of the sofa, white with a lattice design, holding a bowl of fruit and a vase with flowers.
   - Armchair: To the left of the coffee table, near the window, with a dark cushion or cover.
   - Window: Large, located on the left wall, allowing natural light into the room.
   - Radiator: Below the window.
   - Chandelier: Hanging from the ceiling, centrally located.
   - Wall Art: Above the sofa, depicting a famous artwork.
   - Side Table: On the left side, with a lamp and a few books or magazines.
   - Floor Lamp: On the right side, next to the sofa.
   - Plants: Several potted plants are placed around the room, adding greenery.
   - Rug: A white rug is on the floor, in front of the sofa and coffee table."
29,2,/Users/162191/Documents/GitHub/human_patterns_exploration/data/images/2unexp.jpg,1,/Users/162191/Documents/GitHub/human_patterns_exploration/outputs/masks_gaze_driven/best/IMG_2_unexp_Part_29_MASK_1_point_0.9302.png,659,799,468,522,point,745.8,487.3,Brochure,Brochure,Brochure,Brochure,Brochure,Brochure,Brochure,Brochure,Brochure,Brochure,Brochure,"1. Scene Overview: 
   The image depicts a bright and airy living room with a minimalist and modern design. The room is predominantly white, with natural light streaming in through a large window. The decor includes a mix of contemporary and classic elements, creating a cozy and inviting atmosphere.

2. Identified Objects:
   - Sofa: Positioned on the right side, covered with white cushions and a few decorative pillows.
   - Coffee Table: In front of the sofa, white with a lattice design, holding a bowl of fruit and a vase with flowers.
   - Armchair: To the left of the coffee table, near the window, with a dark cushion or cover.
   - Window: Large, located on the left wall, allowing natural light into the room.
   - Radiator: Below the window.
   - Chandelier: Hanging from the ceiling, centrally located.
   - Wall Art: Above the sofa, depicting a famous artwork.
   - Side Table: On the left side, with a lamp and a few books or magazines.
   - Floor Lamp: On the right side, next to the sofa.
   - Plants: Several potted plants are placed around the room, adding greenery.
   - Rug: A white rug is on the floor, in front of the sofa and coffee table."
29,2,/Users/162191/Documents/GitHub/human_patterns_exploration/data/images/2unexp.jpg,3,/Users/162191/Documents/GitHub/human_patterns_exploration/outputs/masks_gaze_driven/best/IMG_2_unexp_Part_29_MASK_3_point_0.7361.png,174,191,291,303,point,186.6,299.8,Hat,Hat,Hat,Hat,Hat,Hat,Hat,Hat,Hat,Hat,Hat,"1. Scene Overview: 
   The image depicts a bright and airy living room with a minimalist and modern design. The room is predominantly white, with natural light streaming in through a large window. The decor includes a mix of contemporary and classic elements, creating a cozy and inviting atmosphere.

2. Identified Objects:
   - Sofa: Positioned on the right side, covered with white cushions and a few decorative pillows.
   - Coffee Table: In front of the sofa, white with a lattice design, holding a bowl of fruit and a vase with flowers.
   - Armchair: To the left of the coffee table, near the window, with a dark cushion or cover.
   - Window: Large, located on the left wall, allowing natural light into the room.
   - Radiator: Below the window.
   - Chandelier: Hanging from the ceiling, centrally located.
   - Wall Art: Above the sofa, depicting a famous artwork.
   - Side Table: On the left side, with a lamp and a few books or magazines.
   - Floor Lamp: On the right side, next to the sofa.
   - Plants: Several potted plants are placed around the room, adding greenery.
   - Rug: A white rug is on the floor, in front of the sofa and coffee table."
29,2,/Users/162191/Documents/GitHub/human_patterns_exploration/data/images/2unexp.jpg,2,/Users/162191/Documents/GitHub/human_patterns_exploration/outputs/masks_gaze_driven/best/IMG_2_unexp_Part_29_MASK_2_point_0.9074.png,208,270,220,289,point,211.0,250.4,Mirror,Mirror,[Door],Mirror,Mirror,[Door],Mirror,[Door],[Door],Mirror,Mirror,"1. Scene Overview: 
   The image depicts a bright and airy living room with a minimalist and modern design. The room is predominantly white, with natural light streaming in through a large window. The decor includes a mix of contemporary and classic elements, creating a cozy and inviting atmosphere.

2. Identified Objects:
   - Sofa: Positioned on the right side, covered with white cushions and a few decorative pillows.
   - Coffee Table: In front of the sofa, white with a lattice design, holding a bowl of fruit and a vase with flowers.
   - Armchair: To the left of the coffee table, near the window, with a dark cushion or cover.
   - Window: Large, located on the left wall, allowing natural light into the room.
   - Radiator: Below the window.
   - Chandelier: Hanging from the ceiling, centrally located.
   - Wall Art: Above the sofa, depicting a famous artwork.
   - Side Table: On the left side, with a lamp and a few books or magazines.
   - Floor Lamp: On the right side, next to the sofa.
   - Plants: Several potted plants are placed around the room, adding greenery.
   - Rug: A white rug is on the floor, in front of the sofa and coffee table."
29,2,/Users/162191/Documents/GitHub/human_patterns_exploration/data/images/2unexp.jpg,0,/Users/162191/Documents/GitHub/human_patterns_exploration/outputs/masks_gaze_driven/best/IMG_2_unexp_Part_29_MASK_0_point_0.9443.png,649,724,356,439,point,661.3,429.7,Pillow,Pillow,Pillow,Pillow,Pillow,Pillow,Pillow,Pillow,Pillow,Pillow,Pillow,"1. Scene Overview: 
   The image depicts a bright and airy living room with a minimalist and modern design. The room is predominantly white, with natural light streaming in through a large window. The decor includes a mix of contemporary and classic elements, creating a cozy and inviting atmosphere.

2. Identified Objects:
   - Sofa: Positioned on the right side, covered with white cushions and a few decorative pillows.
   - Coffee Table: In front of the sofa, white with a lattice design, holding a bowl of fruit and a vase with flowers.
   - Armchair: To the left of the coffee table, near the window, with a dark cushion or cover.
   - Window: Large, located on the left wall, allowing natural light into the room.
   - Radiator: Below the window.
   - Chandelier: Hanging from the ceiling, centrally located.
   - Wall Art: Above the sofa, depicting a famous artwork.
   - Side Table: On the left side, with a lamp and a few books or magazines.
   - Floor Lamp: On the right side, next to the sofa.
   - Plants: Several potted plants are placed around the room, adding greenery.
   - Rug: A white rug is on the floor, in front of the sofa and coffee table."
29,2,/Users/162191/Documents/GitHub/human_patterns_exploration/data/images/2unexp.jpg,4,/Users/162191/Documents/GitHub/human_patterns_exploration/outputs/masks_gaze_driven/best/IMG_2_unexp_Part_29_MASK_4_point_0.9258.png,208,270,220,289,point,222.3,284.3,[Door],[Window],[Door],[Window],[Door],[Door],[Door],Mirror,Mirror,Mirror,[Door],"1. Scene Overview: 
   The image depicts a bright and airy living room with a minimalist and modern design. The room is predominantly white, with natural light streaming in through a large window, creating a serene and inviting atmosphere.

2. Identified Objects:
   - Sofa: Positioned on the right side of the room, adorned with several cushions in white and dark colors.
   - Coffee Table: In front of the sofa, featuring a white lattice design, with a bowl of fruit and a small plant on top.
   - Armchair: Located near the window, with a dark cushion or cover.
   - Window: On the left side, allowing natural light into the room.
   - Radiator: Below the window.
   - Side Table: To the left of the sofa, with a lamp and a book or magazine on it.
   - Chandelier: Hanging from the ceiling, centrally positioned.
   - Wall Art: Above the sofa, depicting a famous artwork of two hands reaching towards each other.
   - Plants: Several potted plants are placed around the room, adding a touch of greenery.
   - Floor Lamp: On the right side, with a white lampshade.
   - Rug: A white rug is placed on the floor in front of the sofa.
   - Books/Magazines: On the side table and possibly on the coffee table."
29,2,/Users/162191/Documents/GitHub/human_patterns_exploration/data/images/2unexp.jpg,1,/Users/162191/Documents/GitHub/human_patterns_exploration/outputs/masks_gaze_driven/best/IMG_2_unexp_Part_29_MASK_1_point_0.9302.png,659,799,468,522,point,745.8,487.3,Brochure,Brochure,Brochure,Brochure,Brochure,Brochure,Brochure,Brochure,Brochure,Brochure,Brochure,"1. Scene Overview: 
   The image depicts a bright and airy living room with a minimalist and modern design. The room is predominantly white, with natural light streaming in through a large window, creating a serene and inviting atmosphere.

2. Identified Objects:
   - Sofa: Positioned on the right side of the room, adorned with several cushions in white and dark colors.
   - Coffee Table: In front of the sofa, featuring a white lattice design, with a bowl of fruit and a small plant on top.
   - Armchair: Located near the window, with a dark cushion or cover.
   - Window: On the left side, allowing natural light into the room.
   - Radiator: Below the window.
   - Side Table: To the left of the sofa, with a lamp and a book or magazine on it.
   - Chandelier: Hanging from the ceiling, centrally positioned.
   - Wall Art: Above the sofa, depicting a famous artwork of two hands reaching towards each other.
   - Plants: Several potted plants are placed around the room, adding a touch of greenery.
   - Floor Lamp: On the right side, with a white lampshade.
   - Rug: A white rug is placed on the floor in front of the sofa.
   - Books/Magazines: On the side table and possibly on the coffee table."
29,2,/Users/162191/Documents/GitHub/human_patterns_exploration/data/images/2unexp.jpg,3,/Users/162191/Documents/GitHub/human_patterns_exploration/outputs/masks_gaze_driven/best/IMG_2_unexp_Part_29_MASK_3_point_0.7361.png,174,191,291,303,point,186.6,299.8,Hat,Hat,Hat,Hat,Hat,Hat,Hat,Hat,Hat,Hat,Hat,"1. Scene Overview: 
   The image depicts a bright and airy living room with a minimalist and modern design. The room is predominantly white, with natural light streaming in through a large window, creating a serene and inviting atmosphere.

2. Identified Objects:
   - Sofa: Positioned on the right side of the room, adorned with several cushions in white and dark colors.
   - Coffee Table: In front of the sofa, featuring a white lattice design, with a bowl of fruit and a small plant on top.
   - Armchair: Located near the window, with a dark cushion or cover.
   - Window: On the left side, allowing natural light into the room.
   - Radiator: Below the window.
   - Side Table: To the left of the sofa, with a lamp and a book or magazine on it.
   - Chandelier: Hanging from the ceiling, centrally positioned.
   - Wall Art: Above the sofa, depicting a famous artwork of two hands reaching towards each other.
   - Plants: Several potted plants are placed around the room, adding a touch of greenery.
   - Floor Lamp: On the right side, with a white lampshade.
   - Rug: A white rug is placed on the floor in front of the sofa.
   - Books/Magazines: On the side table and possibly on the coffee table."
29,2,/Users/162191/Documents/GitHub/human_patterns_exploration/data/images/2unexp.jpg,2,/Users/162191/Documents/GitHub/human_patterns_exploration/outputs/masks_gaze_driven/best/IMG_2_unexp_Part_29_MASK_2_point_0.9074.png,208,270,220,289,point,211.0,250.4,Mirror,[Door],Mirror,[Door],Mirror,[Window],Mirror,Mirror,Mirror,[Door],Mirror,"1. Scene Overview: 
   The image depicts a bright and airy living room with a minimalist and modern design. The room is predominantly white, with natural light streaming in through a large window, creating a serene and inviting atmosphere.

2. Identified Objects:
   - Sofa: Positioned on the right side of the room, adorned with several cushions in white and dark colors.
   - Coffee Table: In front of the sofa, featuring a white lattice design, with a bowl of fruit and a small plant on top.
   - Armchair: Located near the window, with a dark cushion or cover.
   - Window: On the left side, allowing natural light into the room.
   - Radiator: Below the window.
   - Side Table: To the left of the sofa, with a lamp and a book or magazine on it.
   - Chandelier: Hanging from the ceiling, centrally positioned.
   - Wall Art: Above the sofa, depicting a famous artwork of two hands reaching towards each other.
   - Plants: Several potted plants are placed around the room, adding a touch of greenery.
   - Floor Lamp: On the right side, with a white lampshade.
   - Rug: A white rug is placed on the floor in front of the sofa.
   - Books/Magazines: On the side table and possibly on the coffee table."
29,2,/Users/162191/Documents/GitHub/human_patterns_exploration/data/images/2unexp.jpg,0,/Users/162191/Documents/GitHub/human_patterns_exploration/outputs/masks_gaze_driven/best/IMG_2_unexp_Part_29_MASK_0_point_0.9443.png,649,724,356,439,point,661.3,429.7,Pillow,Pillow,Pillow,Pillow,Pillow,Pillow,Pillow,Pillow,Pillow,Pillow,Pillow,"1. Scene Overview: 
   The image depicts a bright and airy living room with a minimalist and modern design. The room is predominantly white, with natural light streaming in through a large window, creating a serene and inviting atmosphere.

2. Identified Objects:
   - Sofa: Positioned on the right side of the room, adorned with several cushions in white and dark colors.
   - Coffee Table: In front of the sofa, featuring a white lattice design, with a bowl of fruit and a small plant on top.
   - Armchair: Located near the window, with a dark cushion or cover.
   - Window: On the left side, allowing natural light into the room.
   - Radiator: Below the window.
   - Side Table: To the left of the sofa, with a lamp and a book or magazine on it.
   - Chandelier: Hanging from the ceiling, centrally positioned.
   - Wall Art: Above the sofa, depicting a famous artwork of two hands reaching towards each other.
   - Plants: Several potted plants are placed around the room, adding a touch of greenery.
   - Floor Lamp: On the right side, with a white lampshade.
   - Rug: A white rug is placed on the floor in front of the sofa.
   - Books/Magazines: On the side table and possibly on the coffee table."
34,2,/Users/162191/Documents/GitHub/human_patterns_exploration/data/images/2unexp.jpg,8,/Users/162191/Documents/GitHub/human_patterns_exploration/outputs/masks_gaze_driven/best/IMG_2_unexp_Part_34_MASK_8_point_0.8900.png,742,779,420,439,point,767.4,423.9,Cake,Cake,Cake,Cake,Cake,Cake,Cake,Cake,Cake,Cake,Cake,"1. Scene Overview: 
   The image depicts a bright and airy living room with a minimalist and modern design. The room is predominantly white, creating a clean and spacious feel. Natural light floods the space through a large window, enhancing the serene atmosphere.

2. Identified Objects:
   - Sofa: Positioned on the right side of the room, adorned with several cushions in various shades.
   - Coffee Table: In front of the sofa, featuring a white lattice design, with a bowl of fruit and a plant on top.
   - Armchair: Located near the window, with a dark cushion or cover.
   - Window: On the left wall, allowing natural light into the room.
   - Radiator: Below the window.
   - Side Table: To the left of the sofa, holding a lamp and some books.
   - Lamp: On the side table, with a white shade.
   - Chandelier: Hanging from the ceiling, adding an elegant touch.
   - Wall Art: Above the sofa, depicting a famous artwork.
   - Plants: Several potted plants are placed around the room, adding greenery.
   - Rug: A white rug is on the floor in front of the sofa.
   - Books and Magazines: On the side table and coffee table, adding a personal touch."
34,2,/Users/162191/Documents/GitHub/human_patterns_exploration/data/images/2unexp.jpg,0,/Users/162191/Documents/GitHub/human_patterns_exploration/outputs/masks_gaze_driven/best/IMG_2_unexp_Part_34_MASK_0_triangle_0.4807.png,205,269,283,338,triangle,205.8,308.6,Faucet,[Termite],Faucet,Faucet,Faucet,Faucet,[Faucet],[Termite],Faucet,[Termite],Faucet,"1. Scene Overview: 
   The image depicts a bright and airy living room with a minimalist and modern design. The room is predominantly white, creating a clean and spacious feel. Natural light floods the space through a large window, enhancing the serene atmosphere.

2. Identified Objects:
   - Sofa: Positioned on the right side of the room, adorned with several cushions in various shades.
   - Coffee Table: In front of the sofa, featuring a white lattice design, with a bowl of fruit and a plant on top.
   - Armchair: Located near the window, with a dark cushion or cover.
   - Window: On the left wall, allowing natural light into the room.
   - Radiator: Below the window.
   - Side Table: To the left of the sofa, holding a lamp and some books.
   - Lamp: On the side table, with a white shade.
   - Chandelier: Hanging from the ceiling, adding an elegant touch.
   - Wall Art: Above the sofa, depicting a famous artwork.
   - Plants: Several potted plants are placed around the room, adding greenery.
   - Rug: A white rug is on the floor in front of the sofa.
   - Books and Magazines: On the side table and coffee table, adding a personal touch."
34,2,/Users/162191/Documents/GitHub/human_patterns_exploration/data/images/2unexp.jpg,9,/Users/162191/Documents/GitHub/human_patterns_exploration/outputs/masks_gaze_driven/best/IMG_2_unexp_Part_34_MASK_9_point_0.9462.png,623,677,351,428,point,637.1,388.8,Pillow,Pillow,Pillow,Pillow,Pillow,Pillow,Pillow,Pillow,Pillow,Pillow,Pillow,"1. Scene Overview: 
   The image depicts a bright and airy living room with a minimalist and modern design. The room is predominantly white, creating a clean and spacious feel. Natural light floods the space through a large window, enhancing the serene atmosphere.

2. Identified Objects:
   - Sofa: Positioned on the right side of the room, adorned with several cushions in various shades.
   - Coffee Table: In front of the sofa, featuring a white lattice design, with a bowl of fruit and a plant on top.
   - Armchair: Located near the window, with a dark cushion or cover.
   - Window: On the left wall, allowing natural light into the room.
   - Radiator: Below the window.
   - Side Table: To the left of the sofa, holding a lamp and some books.
   - Lamp: On the side table, with a white shade.
   - Chandelier: Hanging from the ceiling, adding an elegant touch.
   - Wall Art: Above the sofa, depicting a famous artwork.
   - Plants: Several potted plants are placed around the room, adding greenery.
   - Rug: A white rug is on the floor in front of the sofa.
   - Books and Magazines: On the side table and coffee table, adding a personal touch."
34,2,/Users/162191/Documents/GitHub/human_patterns_exploration/data/images/2unexp.jpg,12,/Users/162191/Documents/GitHub/human_patterns_exploration/outputs/masks_gaze_driven/best/IMG_2_unexp_Part_34_MASK_12_point_0.8714.png,364,558,414,561,point,446.8,429.2,Table,Table,Table,Table,Table,Table,Table,Table,Table,Table,Table,"1. Scene Overview: 
   The image depicts a bright and airy living room with a minimalist and modern design. The room is predominantly white, creating a clean and spacious feel. Natural light floods the space through a large window, enhancing the serene atmosphere.

2. Identified Objects:
   - Sofa: Positioned on the right side of the room, adorned with several cushions in various shades.
   - Coffee Table: In front of the sofa, featuring a white lattice design, with a bowl of fruit and a plant on top.
   - Armchair: Located near the window, with a dark cushion or cover.
   - Window: On the left wall, allowing natural light into the room.
   - Radiator: Below the window.
   - Side Table: To the left of the sofa, holding a lamp and some books.
   - Lamp: On the side table, with a white shade.
   - Chandelier: Hanging from the ceiling, adding an elegant touch.
   - Wall Art: Above the sofa, depicting a famous artwork.
   - Plants: Several potted plants are placed around the room, adding greenery.
   - Rug: A white rug is on the floor in front of the sofa.
   - Books and Magazines: On the side table and coffee table, adding a personal touch."
34,2,/Users/162191/Documents/GitHub/human_patterns_exploration/data/images/2unexp.jpg,4,/Users/162191/Documents/GitHub/human_patterns_exploration/outputs/masks_gaze_driven/best/IMG_2_unexp_Part_34_MASK_4_triangle_0.6308.png,176,269,284,337,triangle,205.4,304.0,Giraffe,Giraffe,[Giraffe],Giraffe,Giraffe,Giraffe,Giraffe,[Giraffe],[Giraffe],Giraffe,Giraffe,"1. Scene Overview: 
   The image depicts a bright and airy living room with a minimalist and modern design. The room is predominantly white, creating a clean and spacious feel. Natural light floods the space through a large window, enhancing the serene atmosphere.

2. Identified Objects:
   - Sofa: Positioned on the right side of the room, adorned with several cushions in various shades.
   - Coffee Table: In front of the sofa, featuring a white lattice design, with a bowl of fruit and a plant on top.
   - Armchair: Located near the window, with a dark cushion or cover.
   - Window: On the left wall, allowing natural light into the room.
   - Radiator: Below the window.
   - Side Table: To the left of the sofa, holding a lamp and some books.
   - Lamp: On the side table, with a white shade.
   - Chandelier: Hanging from the ceiling, adding an elegant touch.
   - Wall Art: Above the sofa, depicting a famous artwork.
   - Plants: Several potted plants are placed around the room, adding greenery.
   - Rug: A white rug is on the floor in front of the sofa.
   - Books and Magazines: On the side table and coffee table, adding a personal touch."
34,2,/Users/162191/Documents/GitHub/human_patterns_exploration/data/images/2unexp.jpg,13,/Users/162191/Documents/GitHub/human_patterns_exploration/outputs/masks_gaze_driven/best/IMG_2_unexp_Part_34_MASK_13_circle_0.2766.png,182,208,211,342,circle,195.5,259.0,Bookshelf,Bookshelf,Bookshelf,Bookshelf,Bookshelf,Bookshelf,Bookshelf,Bookshelf,Bookshelf,Bookshelf,Bookshelf,"1. Scene Overview: 
   The image depicts a bright and airy living room with a minimalist and modern design. The room is predominantly white, creating a clean and spacious feel. Natural light floods the space through a large window, enhancing the serene atmosphere.

2. Identified Objects:
   - Sofa: Positioned on the right side of the room, adorned with several cushions in various shades.
   - Coffee Table: In front of the sofa, featuring a white lattice design, with a bowl of fruit and a plant on top.
   - Armchair: Located near the window, with a dark cushion or cover.
   - Window: On the left wall, allowing natural light into the room.
   - Radiator: Below the window.
   - Side Table: To the left of the sofa, holding a lamp and some books.
   - Lamp: On the side table, with a white shade.
   - Chandelier: Hanging from the ceiling, adding an elegant touch.
   - Wall Art: Above the sofa, depicting a famous artwork.
   - Plants: Several potted plants are placed around the room, adding greenery.
   - Rug: A white rug is on the floor in front of the sofa.
   - Books and Magazines: On the side table and coffee table, adding a personal touch."
34,2,/Users/162191/Documents/GitHub/human_patterns_exploration/data/images/2unexp.jpg,3,/Users/162191/Documents/GitHub/human_patterns_exploration/outputs/masks_gaze_driven/best/IMG_2_unexp_Part_34_MASK_3_cross_0.6997.png,208,269,285,337,cross,235.5,307.3,Camel,Camel,Camel,Camel,Llama,Llama,Llama,Llama,Camel,Camel,Camel,"1. Scene Overview: 
   The image depicts a bright and airy living room with a minimalist and modern design. The room is predominantly white, creating a clean and spacious feel. Natural light floods the space through a large window, enhancing the serene atmosphere.

2. Identified Objects:
   - Sofa: Positioned on the right side of the room, adorned with several cushions in various shades.
   - Coffee Table: In front of the sofa, featuring a white lattice design, with a bowl of fruit and a plant on top.
   - Armchair: Located near the window, with a dark cushion or cover.
   - Window: On the left wall, allowing natural light into the room.
   - Radiator: Below the window.
   - Side Table: To the left of the sofa, holding a lamp and some books.
   - Lamp: On the side table, with a white shade.
   - Chandelier: Hanging from the ceiling, adding an elegant touch.
   - Wall Art: Above the sofa, depicting a famous artwork.
   - Plants: Several potted plants are placed around the room, adding greenery.
   - Rug: A white rug is on the floor in front of the sofa.
   - Books and Magazines: On the side table and coffee table, adding a personal touch."
34,2,/Users/162191/Documents/GitHub/human_patterns_exploration/data/images/2unexp.jpg,11,/Users/162191/Documents/GitHub/human_patterns_exploration/outputs/masks_gaze_driven/best/IMG_2_unexp_Part_34_MASK_11_point_0.8845.png,332,412,0,173,point,393.1,57.4,Chandelier,Chandelier,Chandelier,Chandelier,Chandelier,Chandelier,Chandelier,Chandelier,Chandelier,Chandelier,Chandelier,"1. Scene Overview: 
   The image depicts a bright and airy living room with a minimalist and modern design. The room is predominantly white, creating a clean and spacious feel. Natural light floods the space through a large window, enhancing the serene atmosphere.

2. Identified Objects:
   - Sofa: Positioned on the right side of the room, adorned with several cushions in various shades.
   - Coffee Table: In front of the sofa, featuring a white lattice design, with a bowl of fruit and a plant on top.
   - Armchair: Located near the window, with a dark cushion or cover.
   - Window: On the left wall, allowing natural light into the room.
   - Radiator: Below the window.
   - Side Table: To the left of the sofa, holding a lamp and some books.
   - Lamp: On the side table, with a white shade.
   - Chandelier: Hanging from the ceiling, adding an elegant touch.
   - Wall Art: Above the sofa, depicting a famous artwork.
   - Plants: Several potted plants are placed around the room, adding greenery.
   - Rug: A white rug is on the floor in front of the sofa.
   - Books and Magazines: On the side table and coffee table, adding a personal touch."
34,2,/Users/162191/Documents/GitHub/human_patterns_exploration/data/images/2unexp.jpg,5,/Users/162191/Documents/GitHub/human_patterns_exploration/outputs/masks_gaze_driven/best/IMG_2_unexp_Part_34_MASK_5_point_0.7602.png,174,191,291,303,point,183.4,297.9,Hat,Hat,Hat,Hat,Hat,Hat,Hat,Hat,Hat,Hat,Hat,"1. Scene Overview: 
   The image depicts a bright and airy living room with a minimalist and modern design. The room is predominantly white, creating a clean and spacious feel. Natural light floods the space through a large window, enhancing the serene atmosphere.

2. Identified Objects:
   - Sofa: Positioned on the right side of the room, adorned with several cushions in various shades.
   - Coffee Table: In front of the sofa, featuring a white lattice design, with a bowl of fruit and a plant on top.
   - Armchair: Located near the window, with a dark cushion or cover.
   - Window: On the left wall, allowing natural light into the room.
   - Radiator: Below the window.
   - Side Table: To the left of the sofa, holding a lamp and some books.
   - Lamp: On the side table, with a white shade.
   - Chandelier: Hanging from the ceiling, adding an elegant touch.
   - Wall Art: Above the sofa, depicting a famous artwork.
   - Plants: Several potted plants are placed around the room, adding greenery.
   - Rug: A white rug is on the floor in front of the sofa.
   - Books and Magazines: On the side table and coffee table, adding a personal touch."
34,2,/Users/162191/Documents/GitHub/human_patterns_exploration/data/images/2unexp.jpg,1,/Users/162191/Documents/GitHub/human_patterns_exploration/outputs/masks_gaze_driven/best/IMG_2_unexp_Part_34_MASK_1_point_0.9212.png,0,30,384,431,point,20.0,403.6,Poster,Poster,Poster,Poster,Poster,Poster,Poster,Poster,Poster,Poster,Poster,"1. Scene Overview: 
   The image depicts a bright and airy living room with a minimalist and modern design. The room is predominantly white, creating a clean and spacious feel. Natural light floods the space through a large window, enhancing the serene atmosphere.

2. Identified Objects:
   - Sofa: Positioned on the right side of the room, adorned with several cushions in various shades.
   - Coffee Table: In front of the sofa, featuring a white lattice design, with a bowl of fruit and a plant on top.
   - Armchair: Located near the window, with a dark cushion or cover.
   - Window: On the left wall, allowing natural light into the room.
   - Radiator: Below the window.
   - Side Table: To the left of the sofa, holding a lamp and some books.
   - Lamp: On the side table, with a white shade.
   - Chandelier: Hanging from the ceiling, adding an elegant touch.
   - Wall Art: Above the sofa, depicting a famous artwork.
   - Plants: Several potted plants are placed around the room, adding greenery.
   - Rug: A white rug is on the floor in front of the sofa.
   - Books and Magazines: On the side table and coffee table, adding a personal touch."
34,2,/Users/162191/Documents/GitHub/human_patterns_exploration/data/images/2unexp.jpg,10,/Users/162191/Documents/GitHub/human_patterns_exploration/outputs/masks_gaze_driven/best/IMG_2_unexp_Part_34_MASK_10_point_0.9386.png,504,685,206,300,point,613.4,226.0,Hands,Hands,Hands,Hands,Hands,Hands,Hands,Hands,Hands,Hands,Hands,"1. Scene Overview: 
   The image depicts a bright and airy living room with a minimalist and modern design. The room is predominantly white, creating a clean and spacious feel. Natural light floods the space through a large window, enhancing the serene atmosphere.

2. Identified Objects:
   - Sofa: Positioned on the right side of the room, adorned with several cushions in various shades.
   - Coffee Table: In front of the sofa, featuring a white lattice design, with a bowl of fruit and a plant on top.
   - Armchair: Located near the window, with a dark cushion or cover.
   - Window: On the left wall, allowing natural light into the room.
   - Radiator: Below the window.
   - Side Table: To the left of the sofa, holding a lamp and some books.
   - Lamp: On the side table, with a white shade.
   - Chandelier: Hanging from the ceiling, adding an elegant touch.
   - Wall Art: Above the sofa, depicting a famous artwork.
   - Plants: Several potted plants are placed around the room, adding greenery.
   - Rug: A white rug is on the floor in front of the sofa.
   - Books and Magazines: On the side table and coffee table, adding a personal touch."
34,2,/Users/162191/Documents/GitHub/human_patterns_exploration/data/images/2unexp.jpg,2,/Users/162191/Documents/GitHub/human_patterns_exploration/outputs/masks_gaze_driven/best/IMG_2_unexp_Part_34_MASK_2_point_0.9257.png,0,30,384,432,point,12.1,400.7,Poster,Poster,Poster,Poster,Believe,Poster,Poster,Poster,Poster,Poster,Poster,"1. Scene Overview: 
   The image depicts a bright and airy living room with a minimalist and modern design. The room is predominantly white, creating a clean and spacious feel. Natural light floods the space through a large window, enhancing the serene atmosphere.

2. Identified Objects:
   - Sofa: Positioned on the right side of the room, adorned with several cushions in various shades.
   - Coffee Table: In front of the sofa, featuring a white lattice design, with a bowl of fruit and a plant on top.
   - Armchair: Located near the window, with a dark cushion or cover.
   - Window: On the left wall, allowing natural light into the room.
   - Radiator: Below the window.
   - Side Table: To the left of the sofa, holding a lamp and some books.
   - Lamp: On the side table, with a white shade.
   - Chandelier: Hanging from the ceiling, adding an elegant touch.
   - Wall Art: Above the sofa, depicting a famous artwork.
   - Plants: Several potted plants are placed around the room, adding greenery.
   - Rug: A white rug is on the floor in front of the sofa.
   - Books and Magazines: On the side table and coffee table, adding a personal touch."
34,2,/Users/162191/Documents/GitHub/human_patterns_exploration/data/images/2unexp.jpg,7,/Users/162191/Documents/GitHub/human_patterns_exploration/outputs/masks_gaze_driven/best/IMG_2_unexp_Part_34_MASK_7_point_0.8304.png,597,799,454,599,point,741.7,473.1,Magazines,Magazines,Magazines,Magazines,Magazines,Magazines,Magazines,Magazines,Magazines,Magazines,Magazines,"1. Scene Overview: 
   The image depicts a bright and airy living room with a minimalist and modern design. The room is predominantly white, creating a clean and spacious feel. Natural light floods the space through a large window, enhancing the serene atmosphere.

2. Identified Objects:
   - Sofa: Positioned on the right side of the room, adorned with several cushions in various shades.
   - Coffee Table: In front of the sofa, featuring a white lattice design, with a bowl of fruit and a plant on top.
   - Armchair: Located near the window, with a dark cushion or cover.
   - Window: On the left wall, allowing natural light into the room.
   - Radiator: Below the window.
   - Side Table: To the left of the sofa, holding a lamp and some books.
   - Lamp: On the side table, with a white shade.
   - Chandelier: Hanging from the ceiling, adding an elegant touch.
   - Wall Art: Above the sofa, depicting a famous artwork.
   - Plants: Several potted plants are placed around the room, adding greenery.
   - Rug: A white rug is on the floor in front of the sofa.
   - Books and Magazines: On the side table and coffee table, adding a personal touch."
34,2,/Users/162191/Documents/GitHub/human_patterns_exploration/data/images/2unexp.jpg,6,/Users/162191/Documents/GitHub/human_patterns_exploration/outputs/masks_gaze_driven/best/IMG_2_unexp_Part_34_MASK_6_circle_0.2756.png,190,208,210,340,circle,199.3,279.5,Door,Door,Door,Door,Door,Door,Door,Door,Door,Door,Door,"1. Scene Overview: 
   The image depicts a bright and airy living room with a minimalist and modern design. The room is predominantly white, creating a clean and spacious feel. Natural light floods the space through a large window, enhancing the serene atmosphere.

2. Identified Objects:
   - Sofa: Positioned on the right side of the room, adorned with several cushions in various shades.
   - Coffee Table: In front of the sofa, featuring a white lattice design, with a bowl of fruit and a plant on top.
   - Armchair: Located near the window, with a dark cushion or cover.
   - Window: On the left wall, allowing natural light into the room.
   - Radiator: Below the window.
   - Side Table: To the left of the sofa, holding a lamp and some books.
   - Lamp: On the side table, with a white shade.
   - Chandelier: Hanging from the ceiling, adding an elegant touch.
   - Wall Art: Above the sofa, depicting a famous artwork.
   - Plants: Several potted plants are placed around the room, adding greenery.
   - Rug: A white rug is on the floor in front of the sofa.
   - Books and Magazines: On the side table and coffee table, adding a personal touch."
34,2,/Users/162191/Documents/GitHub/human_patterns_exploration/data/images/2unexp.jpg,8,/Users/162191/Documents/GitHub/human_patterns_exploration/outputs/masks_gaze_driven/best/IMG_2_unexp_Part_34_MASK_8_point_0.8900.png,742,779,420,439,point,767.4,423.9,Cake,Cake,Cake,Cake,Cake,Cake,Cake,Cake,Cake,Cake,Cake,"1. Scene Overview: 
   The image depicts a bright and airy living room with a minimalist and modern design. The room is predominantly white, creating a clean and spacious feel. Natural light floods the space through a large window, enhancing the serene atmosphere.

2. Identified Objects:
   - Sofa: Positioned on the right side of the room, adorned with several cushions in white and dark colors.
   - Coffee Table: In front of the sofa, featuring a white lattice design, with a bowl of fruit and a vase with flowers on top.
   - Armchair: Located to the left of the sofa, near the window, with a dark fabric cover.
   - Window: On the left wall, allowing natural light to enter, with a small plant on the windowsill.
   - Radiator: Below the window.
   - Chandelier: Hanging from the ceiling in the center of the room, adding an elegant touch.
   - Wall Art: Above the sofa, depicting a famous artwork.
   - Side Tables: One on the left with a lamp and books, and another on the right with a lamp and magazines.
   - Plants: Several potted plants are placed around the room, adding greenery.
   - Rug: A white rug is spread on the floor in front of the sofa.
   - Lamps: Two lamps, one on each side table, providing additional lighting."
34,2,/Users/162191/Documents/GitHub/human_patterns_exploration/data/images/2unexp.jpg,0,/Users/162191/Documents/GitHub/human_patterns_exploration/outputs/masks_gaze_driven/best/IMG_2_unexp_Part_34_MASK_0_triangle_0.4807.png,205,269,283,338,triangle,205.8,308.6,[Termite],[Termite],[Termite],Faucet,Faucet,[Faucet],[Termites],[Termite],[Termite],[Termite],[Termite],"1. Scene Overview: 
   The image depicts a bright and airy living room with a minimalist and modern design. The room is predominantly white, creating a clean and spacious feel. Natural light floods the space through a large window, enhancing the serene atmosphere.

2. Identified Objects:
   - Sofa: Positioned on the right side of the room, adorned with several cushions in white and dark colors.
   - Coffee Table: In front of the sofa, featuring a white lattice design, with a bowl of fruit and a vase with flowers on top.
   - Armchair: Located to the left of the sofa, near the window, with a dark fabric cover.
   - Window: On the left wall, allowing natural light to enter, with a small plant on the windowsill.
   - Radiator: Below the window.
   - Chandelier: Hanging from the ceiling in the center of the room, adding an elegant touch.
   - Wall Art: Above the sofa, depicting a famous artwork.
   - Side Tables: One on the left with a lamp and books, and another on the right with a lamp and magazines.
   - Plants: Several potted plants are placed around the room, adding greenery.
   - Rug: A white rug is spread on the floor in front of the sofa.
   - Lamps: Two lamps, one on each side table, providing additional lighting."
34,2,/Users/162191/Documents/GitHub/human_patterns_exploration/data/images/2unexp.jpg,9,/Users/162191/Documents/GitHub/human_patterns_exploration/outputs/masks_gaze_driven/best/IMG_2_unexp_Part_34_MASK_9_point_0.9462.png,623,677,351,428,point,637.1,388.8,Pillow,Pillow,Pillow,Pillow,Pillow,Pillow,Pillow,Pillow,Pillow,Pillow,Pillow,"1. Scene Overview: 
   The image depicts a bright and airy living room with a minimalist and modern design. The room is predominantly white, creating a clean and spacious feel. Natural light floods the space through a large window, enhancing the serene atmosphere.

2. Identified Objects:
   - Sofa: Positioned on the right side of the room, adorned with several cushions in white and dark colors.
   - Coffee Table: In front of the sofa, featuring a white lattice design, with a bowl of fruit and a vase with flowers on top.
   - Armchair: Located to the left of the sofa, near the window, with a dark fabric cover.
   - Window: On the left wall, allowing natural light to enter, with a small plant on the windowsill.
   - Radiator: Below the window.
   - Chandelier: Hanging from the ceiling in the center of the room, adding an elegant touch.
   - Wall Art: Above the sofa, depicting a famous artwork.
   - Side Tables: One on the left with a lamp and books, and another on the right with a lamp and magazines.
   - Plants: Several potted plants are placed around the room, adding greenery.
   - Rug: A white rug is spread on the floor in front of the sofa.
   - Lamps: Two lamps, one on each side table, providing additional lighting."
34,2,/Users/162191/Documents/GitHub/human_patterns_exploration/data/images/2unexp.jpg,12,/Users/162191/Documents/GitHub/human_patterns_exploration/outputs/masks_gaze_driven/best/IMG_2_unexp_Part_34_MASK_12_point_0.8714.png,364,558,414,561,point,446.8,429.2,Table,Table,Table,Table,Table,Table,Table,Table,Table,Table,Table,"1. Scene Overview: 
   The image depicts a bright and airy living room with a minimalist and modern design. The room is predominantly white, creating a clean and spacious feel. Natural light floods the space through a large window, enhancing the serene atmosphere.

2. Identified Objects:
   - Sofa: Positioned on the right side of the room, adorned with several cushions in white and dark colors.
   - Coffee Table: In front of the sofa, featuring a white lattice design, with a bowl of fruit and a vase with flowers on top.
   - Armchair: Located to the left of the sofa, near the window, with a dark fabric cover.
   - Window: On the left wall, allowing natural light to enter, with a small plant on the windowsill.
   - Radiator: Below the window.
   - Chandelier: Hanging from the ceiling in the center of the room, adding an elegant touch.
   - Wall Art: Above the sofa, depicting a famous artwork.
   - Side Tables: One on the left with a lamp and books, and another on the right with a lamp and magazines.
   - Plants: Several potted plants are placed around the room, adding greenery.
   - Rug: A white rug is spread on the floor in front of the sofa.
   - Lamps: Two lamps, one on each side table, providing additional lighting."
34,2,/Users/162191/Documents/GitHub/human_patterns_exploration/data/images/2unexp.jpg,4,/Users/162191/Documents/GitHub/human_patterns_exploration/outputs/masks_gaze_driven/best/IMG_2_unexp_Part_34_MASK_4_triangle_0.6308.png,176,269,284,337,triangle,205.4,304.0,Giraffe,Giraffe,[Giraffe],Giraffe,[Giraffe],[Giraffe],Giraffe,[Giraffe],Giraffe,Giraffe,Giraffe,"1. Scene Overview: 
   The image depicts a bright and airy living room with a minimalist and modern design. The room is predominantly white, creating a clean and spacious feel. Natural light floods the space through a large window, enhancing the serene atmosphere.

2. Identified Objects:
   - Sofa: Positioned on the right side of the room, adorned with several cushions in white and dark colors.
   - Coffee Table: In front of the sofa, featuring a white lattice design, with a bowl of fruit and a vase with flowers on top.
   - Armchair: Located to the left of the sofa, near the window, with a dark fabric cover.
   - Window: On the left wall, allowing natural light to enter, with a small plant on the windowsill.
   - Radiator: Below the window.
   - Chandelier: Hanging from the ceiling in the center of the room, adding an elegant touch.
   - Wall Art: Above the sofa, depicting a famous artwork.
   - Side Tables: One on the left with a lamp and books, and another on the right with a lamp and magazines.
   - Plants: Several potted plants are placed around the room, adding greenery.
   - Rug: A white rug is spread on the floor in front of the sofa.
   - Lamps: Two lamps, one on each side table, providing additional lighting."
34,2,/Users/162191/Documents/GitHub/human_patterns_exploration/data/images/2unexp.jpg,13,/Users/162191/Documents/GitHub/human_patterns_exploration/outputs/masks_gaze_driven/best/IMG_2_unexp_Part_34_MASK_13_circle_0.2766.png,182,208,211,342,circle,195.5,259.0,Bookshelf,Bookshelf,Bookshelf,Bookshelf,Bookshelf,Bookshelf,Shelf,Bookshelf,Bookshelf,Bookshelf,Bookshelf,"1. Scene Overview: 
   The image depicts a bright and airy living room with a minimalist and modern design. The room is predominantly white, creating a clean and spacious feel. Natural light floods the space through a large window, enhancing the serene atmosphere.

2. Identified Objects:
   - Sofa: Positioned on the right side of the room, adorned with several cushions in white and dark colors.
   - Coffee Table: In front of the sofa, featuring a white lattice design, with a bowl of fruit and a vase with flowers on top.
   - Armchair: Located to the left of the sofa, near the window, with a dark fabric cover.
   - Window: On the left wall, allowing natural light to enter, with a small plant on the windowsill.
   - Radiator: Below the window.
   - Chandelier: Hanging from the ceiling in the center of the room, adding an elegant touch.
   - Wall Art: Above the sofa, depicting a famous artwork.
   - Side Tables: One on the left with a lamp and books, and another on the right with a lamp and magazines.
   - Plants: Several potted plants are placed around the room, adding greenery.
   - Rug: A white rug is spread on the floor in front of the sofa.
   - Lamps: Two lamps, one on each side table, providing additional lighting."
34,2,/Users/162191/Documents/GitHub/human_patterns_exploration/data/images/2unexp.jpg,3,/Users/162191/Documents/GitHub/human_patterns_exploration/outputs/masks_gaze_driven/best/IMG_2_unexp_Part_34_MASK_3_cross_0.6997.png,208,269,285,337,cross,235.5,307.3,Camel,Llama,Camel,Camel,Llama,Camel,Llama,Llama,Llama,Llama,Llama,"1. Scene Overview: 
   The image depicts a bright and airy living room with a minimalist and modern design. The room is predominantly white, creating a clean and spacious feel. Natural light floods the space through a large window, enhancing the serene atmosphere.

2. Identified Objects:
   - Sofa: Positioned on the right side of the room, adorned with several cushions in white and dark colors.
   - Coffee Table: In front of the sofa, featuring a white lattice design, with a bowl of fruit and a vase with flowers on top.
   - Armchair: Located to the left of the sofa, near the window, with a dark fabric cover.
   - Window: On the left wall, allowing natural light to enter, with a small plant on the windowsill.
   - Radiator: Below the window.
   - Chandelier: Hanging from the ceiling in the center of the room, adding an elegant touch.
   - Wall Art: Above the sofa, depicting a famous artwork.
   - Side Tables: One on the left with a lamp and books, and another on the right with a lamp and magazines.
   - Plants: Several potted plants are placed around the room, adding greenery.
   - Rug: A white rug is spread on the floor in front of the sofa.
   - Lamps: Two lamps, one on each side table, providing additional lighting."
34,2,/Users/162191/Documents/GitHub/human_patterns_exploration/data/images/2unexp.jpg,11,/Users/162191/Documents/GitHub/human_patterns_exploration/outputs/masks_gaze_driven/best/IMG_2_unexp_Part_34_MASK_11_point_0.8845.png,332,412,0,173,point,393.1,57.4,Chandelier,Chandelier,Chandelier,Chandelier,Chandelier,Chandelier,Chandelier,Chandelier,Chandelier,Chandelier,Chandelier,"1. Scene Overview: 
   The image depicts a bright and airy living room with a minimalist and modern design. The room is predominantly white, creating a clean and spacious feel. Natural light floods the space through a large window, enhancing the serene atmosphere.

2. Identified Objects:
   - Sofa: Positioned on the right side of the room, adorned with several cushions in white and dark colors.
   - Coffee Table: In front of the sofa, featuring a white lattice design, with a bowl of fruit and a vase with flowers on top.
   - Armchair: Located to the left of the sofa, near the window, with a dark fabric cover.
   - Window: On the left wall, allowing natural light to enter, with a small plant on the windowsill.
   - Radiator: Below the window.
   - Chandelier: Hanging from the ceiling in the center of the room, adding an elegant touch.
   - Wall Art: Above the sofa, depicting a famous artwork.
   - Side Tables: One on the left with a lamp and books, and another on the right with a lamp and magazines.
   - Plants: Several potted plants are placed around the room, adding greenery.
   - Rug: A white rug is spread on the floor in front of the sofa.
   - Lamps: Two lamps, one on each side table, providing additional lighting."
34,2,/Users/162191/Documents/GitHub/human_patterns_exploration/data/images/2unexp.jpg,5,/Users/162191/Documents/GitHub/human_patterns_exploration/outputs/masks_gaze_driven/best/IMG_2_unexp_Part_34_MASK_5_point_0.7602.png,174,191,291,303,point,183.4,297.9,Hat,Hat,Hat,Hat,Hat,Hat,Hat,Hat,Hat,Hat,Hat,"1. Scene Overview: 
   The image depicts a bright and airy living room with a minimalist and modern design. The room is predominantly white, creating a clean and spacious feel. Natural light floods the space through a large window, enhancing the serene atmosphere.

2. Identified Objects:
   - Sofa: Positioned on the right side of the room, adorned with several cushions in white and dark colors.
   - Coffee Table: In front of the sofa, featuring a white lattice design, with a bowl of fruit and a vase with flowers on top.
   - Armchair: Located to the left of the sofa, near the window, with a dark fabric cover.
   - Window: On the left wall, allowing natural light to enter, with a small plant on the windowsill.
   - Radiator: Below the window.
   - Chandelier: Hanging from the ceiling in the center of the room, adding an elegant touch.
   - Wall Art: Above the sofa, depicting a famous artwork.
   - Side Tables: One on the left with a lamp and books, and another on the right with a lamp and magazines.
   - Plants: Several potted plants are placed around the room, adding greenery.
   - Rug: A white rug is spread on the floor in front of the sofa.
   - Lamps: Two lamps, one on each side table, providing additional lighting."
34,2,/Users/162191/Documents/GitHub/human_patterns_exploration/data/images/2unexp.jpg,1,/Users/162191/Documents/GitHub/human_patterns_exploration/outputs/masks_gaze_driven/best/IMG_2_unexp_Part_34_MASK_1_point_0.9212.png,0,30,384,431,point,20.0,403.6,Poster,Poster,Poster,Poster,Poster,Poster,Poster,Poster,Poster,Poster,Poster,"1. Scene Overview: 
   The image depicts a bright and airy living room with a minimalist and modern design. The room is predominantly white, creating a clean and spacious feel. Natural light floods the space through a large window, enhancing the serene atmosphere.

2. Identified Objects:
   - Sofa: Positioned on the right side of the room, adorned with several cushions in white and dark colors.
   - Coffee Table: In front of the sofa, featuring a white lattice design, with a bowl of fruit and a vase with flowers on top.
   - Armchair: Located to the left of the sofa, near the window, with a dark fabric cover.
   - Window: On the left wall, allowing natural light to enter, with a small plant on the windowsill.
   - Radiator: Below the window.
   - Chandelier: Hanging from the ceiling in the center of the room, adding an elegant touch.
   - Wall Art: Above the sofa, depicting a famous artwork.
   - Side Tables: One on the left with a lamp and books, and another on the right with a lamp and magazines.
   - Plants: Several potted plants are placed around the room, adding greenery.
   - Rug: A white rug is spread on the floor in front of the sofa.
   - Lamps: Two lamps, one on each side table, providing additional lighting."
34,2,/Users/162191/Documents/GitHub/human_patterns_exploration/data/images/2unexp.jpg,10,/Users/162191/Documents/GitHub/human_patterns_exploration/outputs/masks_gaze_driven/best/IMG_2_unexp_Part_34_MASK_10_point_0.9386.png,504,685,206,300,point,613.4,226.0,Hands,Hands,Hands,Hands,Hands,Hands,Hands,Hands,Hands,Hands,Hands,"1. Scene Overview: 
   The image depicts a bright and airy living room with a minimalist and modern design. The room is predominantly white, creating a clean and spacious feel. Natural light floods the space through a large window, enhancing the serene atmosphere.

2. Identified Objects:
   - Sofa: Positioned on the right side of the room, adorned with several cushions in white and dark colors.
   - Coffee Table: In front of the sofa, featuring a white lattice design, with a bowl of fruit and a vase with flowers on top.
   - Armchair: Located to the left of the sofa, near the window, with a dark fabric cover.
   - Window: On the left wall, allowing natural light to enter, with a small plant on the windowsill.
   - Radiator: Below the window.
   - Chandelier: Hanging from the ceiling in the center of the room, adding an elegant touch.
   - Wall Art: Above the sofa, depicting a famous artwork.
   - Side Tables: One on the left with a lamp and books, and another on the right with a lamp and magazines.
   - Plants: Several potted plants are placed around the room, adding greenery.
   - Rug: A white rug is spread on the floor in front of the sofa.
   - Lamps: Two lamps, one on each side table, providing additional lighting."
34,2,/Users/162191/Documents/GitHub/human_patterns_exploration/data/images/2unexp.jpg,2,/Users/162191/Documents/GitHub/human_patterns_exploration/outputs/masks_gaze_driven/best/IMG_2_unexp_Part_34_MASK_2_point_0.9257.png,0,30,384,432,point,12.1,400.7,Poster,Poster,Poster,Book,Poster,Poster,Poster,Poster,Poster,Poster,Poster,"1. Scene Overview: 
   The image depicts a bright and airy living room with a minimalist and modern design. The room is predominantly white, creating a clean and spacious feel. Natural light floods the space through a large window, enhancing the serene atmosphere.

2. Identified Objects:
   - Sofa: Positioned on the right side of the room, adorned with several cushions in white and dark colors.
   - Coffee Table: In front of the sofa, featuring a white lattice design, with a bowl of fruit and a vase with flowers on top.
   - Armchair: Located to the left of the sofa, near the window, with a dark fabric cover.
   - Window: On the left wall, allowing natural light to enter, with a small plant on the windowsill.
   - Radiator: Below the window.
   - Chandelier: Hanging from the ceiling in the center of the room, adding an elegant touch.
   - Wall Art: Above the sofa, depicting a famous artwork.
   - Side Tables: One on the left with a lamp and books, and another on the right with a lamp and magazines.
   - Plants: Several potted plants are placed around the room, adding greenery.
   - Rug: A white rug is spread on the floor in front of the sofa.
   - Lamps: Two lamps, one on each side table, providing additional lighting."
34,2,/Users/162191/Documents/GitHub/human_patterns_exploration/data/images/2unexp.jpg,7,/Users/162191/Documents/GitHub/human_patterns_exploration/outputs/masks_gaze_driven/best/IMG_2_unexp_Part_34_MASK_7_point_0.8304.png,597,799,454,599,point,741.7,473.1,Magazines,Magazines,Magazines,Magazines,Magazines,Magazines,Magazines,Magazines,Magazines,Magazines,Magazines,"1. Scene Overview: 
   The image depicts a bright and airy living room with a minimalist and modern design. The room is predominantly white, creating a clean and spacious feel. Natural light floods the space through a large window, enhancing the serene atmosphere.

2. Identified Objects:
   - Sofa: Positioned on the right side of the room, adorned with several cushions in white and dark colors.
   - Coffee Table: In front of the sofa, featuring a white lattice design, with a bowl of fruit and a vase with flowers on top.
   - Armchair: Located to the left of the sofa, near the window, with a dark fabric cover.
   - Window: On the left wall, allowing natural light to enter, with a small plant on the windowsill.
   - Radiator: Below the window.
   - Chandelier: Hanging from the ceiling in the center of the room, adding an elegant touch.
   - Wall Art: Above the sofa, depicting a famous artwork.
   - Side Tables: One on the left with a lamp and books, and another on the right with a lamp and magazines.
   - Plants: Several potted plants are placed around the room, adding greenery.
   - Rug: A white rug is spread on the floor in front of the sofa.
   - Lamps: Two lamps, one on each side table, providing additional lighting."
34,2,/Users/162191/Documents/GitHub/human_patterns_exploration/data/images/2unexp.jpg,6,/Users/162191/Documents/GitHub/human_patterns_exploration/outputs/masks_gaze_driven/best/IMG_2_unexp_Part_34_MASK_6_circle_0.2756.png,190,208,210,340,circle,199.3,279.5,Door,Door,Door,Door,Door,Door,Door,Door,Door,Door,Door,"1. Scene Overview: 
   The image depicts a bright and airy living room with a minimalist and modern design. The room is predominantly white, creating a clean and spacious feel. Natural light floods the space through a large window, enhancing the serene atmosphere.

2. Identified Objects:
   - Sofa: Positioned on the right side of the room, adorned with several cushions in white and dark colors.
   - Coffee Table: In front of the sofa, featuring a white lattice design, with a bowl of fruit and a vase with flowers on top.
   - Armchair: Located to the left of the sofa, near the window, with a dark fabric cover.
   - Window: On the left wall, allowing natural light to enter, with a small plant on the windowsill.
   - Radiator: Below the window.
   - Chandelier: Hanging from the ceiling in the center of the room, adding an elegant touch.
   - Wall Art: Above the sofa, depicting a famous artwork.
   - Side Tables: One on the left with a lamp and books, and another on the right with a lamp and magazines.
   - Plants: Several potted plants are placed around the room, adding greenery.
   - Rug: A white rug is spread on the floor in front of the sofa.
   - Lamps: Two lamps, one on each side table, providing additional lighting."
35,2,/Users/162191/Documents/GitHub/human_patterns_exploration/data/images/2unexp.jpg,2,/Users/162191/Documents/GitHub/human_patterns_exploration/outputs/masks_gaze_driven/best/IMG_2_unexp_Part_35_MASK_2_point_0.4886.png,207,271,220,321,point,242.7,286.6,[Meerkat],[Meerkat],[Meerkat],[Meerkat],Meerkat,Camel,[Meerkat],Meerkat,[Meerkat],[Meerkat],[Meerkat],"1. Scene Overview: 
   The image depicts a bright and airy living room with a minimalist and modern design. The room features predominantly white decor with some natural wood elements and green plants, creating a fresh and inviting atmosphere.

2. Identified Objects:
   - Sofa: A white sofa is positioned against the right wall, adorned with several cushions in white and dark colors.
   - Coffee Table: In front of the sofa, there is a white coffee table with a lattice design, holding a bowl of fruit.
   - Armchair: To the left of the sofa, near the window, there is a wooden armchair with a dark cushion.
   - Window: A large window on the left wall allows natural light to flood the room.
   - Radiator: Below the window, there is a white radiator.
   - Plants: Several green plants are placed around the room, including one on the coffee table and another near the armchair.
   - Chandelier: A decorative chandelier hangs from the ceiling, adding elegance to the room.
   - Wall Art: Above the sofa, there is a piece of artwork depicting two hands reaching towards each other.
   - Side Tables: There are wooden side tables on either side of the room. The left table holds a lamp and some books, while the right table holds a lamp and magazines.
   - Lamps: Two lamps are present, one on each side table, with white shades.
   - Rug: A white rug is placed on the floor in front of the sofa and coffee table."
35,2,/Users/162191/Documents/GitHub/human_patterns_exploration/data/images/2unexp.jpg,1,/Users/162191/Documents/GitHub/human_patterns_exploration/outputs/masks_gaze_driven/best/IMG_2_unexp_Part_35_MASK_1_point_0.8378.png,176,269,285,338,point,216.7,291.7,[Giraffe],[Giraffe],[Giraffe],[Giraffe],[Termite],[Giraffe],[Giraffe],[Giraffe],[Giraffe],[Giraffe],[Giraffe],"1. Scene Overview: 
   The image depicts a bright and airy living room with a minimalist and modern design. The room features predominantly white decor with some natural wood elements and green plants, creating a fresh and inviting atmosphere.

2. Identified Objects:
   - Sofa: A white sofa is positioned against the right wall, adorned with several cushions in white and dark colors.
   - Coffee Table: In front of the sofa, there is a white coffee table with a lattice design, holding a bowl of fruit.
   - Armchair: To the left of the sofa, near the window, there is a wooden armchair with a dark cushion.
   - Window: A large window on the left wall allows natural light to flood the room.
   - Radiator: Below the window, there is a white radiator.
   - Plants: Several green plants are placed around the room, including one on the coffee table and another near the armchair.
   - Chandelier: A decorative chandelier hangs from the ceiling, adding elegance to the room.
   - Wall Art: Above the sofa, there is a piece of artwork depicting two hands reaching towards each other.
   - Side Tables: There are wooden side tables on either side of the room. The left table holds a lamp and some books, while the right table holds a lamp and magazines.
   - Lamps: Two lamps are present, one on each side table, with white shades.
   - Rug: A white rug is placed on the floor in front of the sofa and coffee table."
35,2,/Users/162191/Documents/GitHub/human_patterns_exploration/data/images/2unexp.jpg,3,/Users/162191/Documents/GitHub/human_patterns_exploration/outputs/masks_gaze_driven/best/IMG_2_unexp_Part_35_MASK_3_point_0.7955.png,34,66,327,433,point,56.5,405.4,Lamp,Lamp,Lamp,Lamp,Lamp,Lamp,Lamp,Lamp,Lamp,Lamp,Lamp,"1. Scene Overview: 
   The image depicts a bright and airy living room with a minimalist and modern design. The room features predominantly white decor with some natural wood elements and green plants, creating a fresh and inviting atmosphere.

2. Identified Objects:
   - Sofa: A white sofa is positioned against the right wall, adorned with several cushions in white and dark colors.
   - Coffee Table: In front of the sofa, there is a white coffee table with a lattice design, holding a bowl of fruit.
   - Armchair: To the left of the sofa, near the window, there is a wooden armchair with a dark cushion.
   - Window: A large window on the left wall allows natural light to flood the room.
   - Radiator: Below the window, there is a white radiator.
   - Plants: Several green plants are placed around the room, including one on the coffee table and another near the armchair.
   - Chandelier: A decorative chandelier hangs from the ceiling, adding elegance to the room.
   - Wall Art: Above the sofa, there is a piece of artwork depicting two hands reaching towards each other.
   - Side Tables: There are wooden side tables on either side of the room. The left table holds a lamp and some books, while the right table holds a lamp and magazines.
   - Lamps: Two lamps are present, one on each side table, with white shades.
   - Rug: A white rug is placed on the floor in front of the sofa and coffee table."
35,2,/Users/162191/Documents/GitHub/human_patterns_exploration/data/images/2unexp.jpg,4,/Users/162191/Documents/GitHub/human_patterns_exploration/outputs/masks_gaze_driven/best/IMG_2_unexp_Part_35_MASK_4_point_0.9018.png,660,799,467,522,point,689.8,490.0,Brochure,Brochure,Brochure,Brochure,Brochure,Brochure,Brochure,Brochure,Brochure,Brochure,Brochure,"1. Scene Overview: 
   The image depicts a bright and airy living room with a minimalist and modern design. The room features predominantly white decor with some natural wood elements and green plants, creating a fresh and inviting atmosphere.

2. Identified Objects:
   - Sofa: A white sofa is positioned against the right wall, adorned with several cushions in white and dark colors.
   - Coffee Table: In front of the sofa, there is a white coffee table with a lattice design, holding a bowl of fruit.
   - Armchair: To the left of the sofa, near the window, there is a wooden armchair with a dark cushion.
   - Window: A large window on the left wall allows natural light to flood the room.
   - Radiator: Below the window, there is a white radiator.
   - Plants: Several green plants are placed around the room, including one on the coffee table and another near the armchair.
   - Chandelier: A decorative chandelier hangs from the ceiling, adding elegance to the room.
   - Wall Art: Above the sofa, there is a piece of artwork depicting two hands reaching towards each other.
   - Side Tables: There are wooden side tables on either side of the room. The left table holds a lamp and some books, while the right table holds a lamp and magazines.
   - Lamps: Two lamps are present, one on each side table, with white shades.
   - Rug: A white rug is placed on the floor in front of the sofa and coffee table."
35,2,/Users/162191/Documents/GitHub/human_patterns_exploration/data/images/2unexp.jpg,0,/Users/162191/Documents/GitHub/human_patterns_exploration/outputs/masks_gaze_driven/best/IMG_2_unexp_Part_35_MASK_0_circle_0.7012.png,174,191,291,338,circle,185.8,306.0,Ruler,Ruler,Ruler,Ruler,Ruler,Ruler,Ruler,Ruler,Ruler,Ruler,Ruler,"1. Scene Overview: 
   The image depicts a bright and airy living room with a minimalist and modern design. The room features predominantly white decor with some natural wood elements and green plants, creating a fresh and inviting atmosphere.

2. Identified Objects:
   - Sofa: A white sofa is positioned against the right wall, adorned with several cushions in white and dark colors.
   - Coffee Table: In front of the sofa, there is a white coffee table with a lattice design, holding a bowl of fruit.
   - Armchair: To the left of the sofa, near the window, there is a wooden armchair with a dark cushion.
   - Window: A large window on the left wall allows natural light to flood the room.
   - Radiator: Below the window, there is a white radiator.
   - Plants: Several green plants are placed around the room, including one on the coffee table and another near the armchair.
   - Chandelier: A decorative chandelier hangs from the ceiling, adding elegance to the room.
   - Wall Art: Above the sofa, there is a piece of artwork depicting two hands reaching towards each other.
   - Side Tables: There are wooden side tables on either side of the room. The left table holds a lamp and some books, while the right table holds a lamp and magazines.
   - Lamps: Two lamps are present, one on each side table, with white shades.
   - Rug: A white rug is placed on the floor in front of the sofa and coffee table."
35,2,/Users/162191/Documents/GitHub/human_patterns_exploration/data/images/2unexp.jpg,5,/Users/162191/Documents/GitHub/human_patterns_exploration/outputs/masks_gaze_driven/best/IMG_2_unexp_Part_35_MASK_5_point_0.8058.png,176,269,285,338,point,219.0,290.6,[Giraffe],[Giraffe],[Giraffe],[Giraffe],[Giraffe],[Giraffe],[Giraffe],[Giraffe],[Giraffe],[Giraffe],[Giraffe],"1. Scene Overview: 
   The image depicts a bright and airy living room with a minimalist and modern design. The room features predominantly white decor with some natural wood elements and green plants, creating a fresh and inviting atmosphere.

2. Identified Objects:
   - Sofa: A white sofa is positioned against the right wall, adorned with several cushions in white and dark colors.
   - Coffee Table: In front of the sofa, there is a white coffee table with a lattice design, holding a bowl of fruit.
   - Armchair: To the left of the sofa, near the window, there is a wooden armchair with a dark cushion.
   - Window: A large window on the left wall allows natural light to flood the room.
   - Radiator: Below the window, there is a white radiator.
   - Plants: Several green plants are placed around the room, including one on the coffee table and another near the armchair.
   - Chandelier: A decorative chandelier hangs from the ceiling, adding elegance to the room.
   - Wall Art: Above the sofa, there is a piece of artwork depicting two hands reaching towards each other.
   - Side Tables: There are wooden side tables on either side of the room. The left table holds a lamp and some books, while the right table holds a lamp and magazines.
   - Lamps: Two lamps are present, one on each side table, with white shades.
   - Rug: A white rug is placed on the floor in front of the sofa and coffee table."
40,2,/Users/162191/Documents/GitHub/human_patterns_exploration/data/images/2unexp.jpg,0,/Users/162191/Documents/GitHub/human_patterns_exploration/outputs/masks_gaze_driven/best/IMG_2_unexp_Part_40_MASK_0_point_0.9313.png,115,192,213,344,point,171.6,287.0,Faucet,Faucet,Faucet,Faucet,Faucet,Faucet,Faucet,Faucet,Faucet,Faucet,Faucet,"1. Scene Overview: 
   The image depicts a bright and airy living room with a minimalist and modern design. The room features white walls and flooring, creating a clean and spacious atmosphere. Natural light floods the space through a large window, enhancing the room's brightness.

2. Identified Objects:
   - Sofa: Positioned on the right side of the room, it is white with several cushions in various shades of white and gray.
   - Coffee Table: In front of the sofa, it is white with a lattice design, holding a bowl of fruit and a small plant.
   - Armchair: Located to the left of the sofa, it has a wooden frame with a dark fabric cover.
   - Window: On the left wall, allowing natural light into the room.
   - Radiator: Below the window.
   - Side Table: To the left of the window, holding a lamp and some books.
   - Lamp: On the side table, with a white shade.
   - Chandelier: Hanging from the ceiling, adding an elegant touch.
   - Wall Art: Above the sofa, depicting a famous artwork.
   - Plants: Several potted plants are placed around the room, adding greenery.
   - Rug: A white rug is on the floor in front of the sofa.
   - Books and Magazines: On the right side table, next to a lamp with a pleated shade."
40,2,/Users/162191/Documents/GitHub/human_patterns_exploration/data/images/2unexp.jpg,0,/Users/162191/Documents/GitHub/human_patterns_exploration/outputs/masks_gaze_driven/best/IMG_2_unexp_Part_40_MASK_0_point_0.9313.png,115,192,213,344,point,171.6,287.0,Faucet,Faucet,Faucet,Faucet,Faucet,Faucet,Faucet,Faucet,Faucet,Faucet,Faucet,"1. Scene Overview: 
   The image depicts a bright and airy living room with a minimalist and modern design. The room features white walls and flooring, creating a clean and spacious atmosphere. Natural light is streaming in through a large window, enhancing the brightness of the space.

2. Identified Objects:
   - Sofa: Positioned on the right side of the room, it is white with several cushions in various shades of white and gray.
   - Coffee Table: In front of the sofa, it is white with a lattice design on top. A bowl of fruit and a small plant are placed on it.
   - Armchair: Located to the left of the sofa, it has a wooden frame with a dark fabric cover.
   - Window: On the left wall, allowing natural light into the room.
   - Radiator: Below the window.
   - Side Table: To the left of the window, holding a lamp and some books.
   - Lamp: On the side table, with a white shade.
   - Chandelier: Hanging from the ceiling, it is ornate and adds elegance to the room.
   - Wall Art: Above the sofa, depicting a famous artwork.
   - Plants: Several potted plants are placed around the room, adding greenery.
   - Rug: A white rug is on the floor in front of the sofa.
   - Books and Magazines: On the side table and coffee table, adding a touch of personal style."
58,2,/Users/162191/Documents/GitHub/human_patterns_exploration/data/images/2unexp.jpg,3,/Users/162191/Documents/GitHub/human_patterns_exploration/outputs/masks_gaze_driven/best/IMG_2_unexp_Part_58_MASK_3_point_0.8165.png,207,269,285,337,point,223.8,290.1,Ostrich,Ostrich,Giraffe,Ostrich,Giraffe,Giraffe,Giraffe,Giraffe,Giraffe,Giraffe,Giraffe,"1. Scene Overview: 
   The image depicts a bright and airy living room with a predominantly white color scheme. The room is well-lit, likely due to natural light coming through a large window. The decor is minimalist with a touch of elegance, featuring a mix of modern and classic elements.

2. Identified Objects:
   - Sofa: Positioned on the right side of the room, covered with white cushions and a few decorative pillows.
   - Coffee Table: In front of the sofa, white with a lattice design, holding a bowl of fruit and a small plant.
   - Armchair: To the left of the coffee table, near the window, with a dark cushion or cover.
   - Window: Large, located on the left wall, allowing natural light to fill the room.
   - Radiator: Below the window.
   - Side Table: On the far left, holding a lamp and some books.
   - Lamps: One on the side table and another floor lamp on the right side of the sofa.
   - Chandelier: Hanging from the ceiling, adding a touch of elegance.
   - Wall Art: Above the sofa, depicting a famous artwork.
   - Plants: Several small plants are placed around the room, including one on the coffee table and another near the armchair.
   - Rug: A white rug is placed under the coffee table.
   - Books/Magazines: On the side table and possibly on the coffee table.
   - Decorative Items: Various small decorative items are scattered throughout the room, enhancing the aesthetic appeal."
58,2,/Users/162191/Documents/GitHub/human_patterns_exploration/data/images/2unexp.jpg,4,/Users/162191/Documents/GitHub/human_patterns_exploration/outputs/masks_gaze_driven/best/IMG_2_unexp_Part_58_MASK_4_cross_0.8945.png,660,799,467,522,cross,713.7,500.3,Brochure,Brochure,Brochure,Brochure,Brochure,Brochure,Brochure,Brochure,Brochure,Brochure,Brochure,"1. Scene Overview: 
   The image depicts a bright and airy living room with a predominantly white color scheme. The room is well-lit, likely due to natural light coming through a large window. The decor is minimalist with a touch of elegance, featuring a mix of modern and classic elements.

2. Identified Objects:
   - Sofa: Positioned on the right side of the room, covered with white cushions and a few decorative pillows.
   - Coffee Table: In front of the sofa, white with a lattice design, holding a bowl of fruit and a small plant.
   - Armchair: To the left of the coffee table, near the window, with a dark cushion or cover.
   - Window: Large, located on the left wall, allowing natural light to fill the room.
   - Radiator: Below the window.
   - Side Table: On the far left, holding a lamp and some books.
   - Lamps: One on the side table and another floor lamp on the right side of the sofa.
   - Chandelier: Hanging from the ceiling, adding a touch of elegance.
   - Wall Art: Above the sofa, depicting a famous artwork.
   - Plants: Several small plants are placed around the room, including one on the coffee table and another near the armchair.
   - Rug: A white rug is placed under the coffee table.
   - Books/Magazines: On the side table and possibly on the coffee table.
   - Decorative Items: Various small decorative items are scattered throughout the room, enhancing the aesthetic appeal."
58,2,/Users/162191/Documents/GitHub/human_patterns_exploration/data/images/2unexp.jpg,8,/Users/162191/Documents/GitHub/human_patterns_exploration/outputs/masks_gaze_driven/best/IMG_2_unexp_Part_58_MASK_8_point_0.8306.png,175,269,285,338,point,223.2,301.0,[Column],[Giraffe],[Column],[Giraffe],[Giraffe],[Columns],[Giraffe],[Giraffe],[Giraffe],[Giraffe],[Giraffe],"1. Scene Overview: 
   The image depicts a bright and airy living room with a predominantly white color scheme. The room is well-lit, likely due to natural light coming through a large window. The decor is minimalist with a touch of elegance, featuring a mix of modern and classic elements.

2. Identified Objects:
   - Sofa: Positioned on the right side of the room, covered with white cushions and a few decorative pillows.
   - Coffee Table: In front of the sofa, white with a lattice design, holding a bowl of fruit and a small plant.
   - Armchair: To the left of the coffee table, near the window, with a dark cushion or cover.
   - Window: Large, located on the left wall, allowing natural light to fill the room.
   - Radiator: Below the window.
   - Side Table: On the far left, holding a lamp and some books.
   - Lamps: One on the side table and another floor lamp on the right side of the sofa.
   - Chandelier: Hanging from the ceiling, adding a touch of elegance.
   - Wall Art: Above the sofa, depicting a famous artwork.
   - Plants: Several small plants are placed around the room, including one on the coffee table and another near the armchair.
   - Rug: A white rug is placed under the coffee table.
   - Books/Magazines: On the side table and possibly on the coffee table.
   - Decorative Items: Various small decorative items are scattered throughout the room, enhancing the aesthetic appeal."
58,2,/Users/162191/Documents/GitHub/human_patterns_exploration/data/images/2unexp.jpg,5,/Users/162191/Documents/GitHub/human_patterns_exploration/outputs/masks_gaze_driven/best/IMG_2_unexp_Part_58_MASK_5_point_0.7048.png,742,779,420,438,point,763.0,420.9,Cake,Cake,Cake,Cake,Cake,Cake,Cake,Cake,Cake,Cake,Cake,"1. Scene Overview: 
   The image depicts a bright and airy living room with a predominantly white color scheme. The room is well-lit, likely due to natural light coming through a large window. The decor is minimalist with a touch of elegance, featuring a mix of modern and classic elements.

2. Identified Objects:
   - Sofa: Positioned on the right side of the room, covered with white cushions and a few decorative pillows.
   - Coffee Table: In front of the sofa, white with a lattice design, holding a bowl of fruit and a small plant.
   - Armchair: To the left of the coffee table, near the window, with a dark cushion or cover.
   - Window: Large, located on the left wall, allowing natural light to fill the room.
   - Radiator: Below the window.
   - Side Table: On the far left, holding a lamp and some books.
   - Lamps: One on the side table and another floor lamp on the right side of the sofa.
   - Chandelier: Hanging from the ceiling, adding a touch of elegance.
   - Wall Art: Above the sofa, depicting a famous artwork.
   - Plants: Several small plants are placed around the room, including one on the coffee table and another near the armchair.
   - Rug: A white rug is placed under the coffee table.
   - Books/Magazines: On the side table and possibly on the coffee table.
   - Decorative Items: Various small decorative items are scattered throughout the room, enhancing the aesthetic appeal."
58,2,/Users/162191/Documents/GitHub/human_patterns_exploration/data/images/2unexp.jpg,2,/Users/162191/Documents/GitHub/human_patterns_exploration/outputs/masks_gaze_driven/best/IMG_2_unexp_Part_58_MASK_2_point_0.8599.png,115,192,214,343,point,174.8,294.5,[Bread],[Bread],[Bread],[Bread],[Bread],[Bread],Spoon,[Bird],[Bread],[Bird],[Bread],"1. Scene Overview: 
   The image depicts a bright and airy living room with a predominantly white color scheme. The room is well-lit, likely due to natural light coming through a large window. The decor is minimalist with a touch of elegance, featuring a mix of modern and classic elements.

2. Identified Objects:
   - Sofa: Positioned on the right side of the room, covered with white cushions and a few decorative pillows.
   - Coffee Table: In front of the sofa, white with a lattice design, holding a bowl of fruit and a small plant.
   - Armchair: To the left of the coffee table, near the window, with a dark cushion or cover.
   - Window: Large, located on the left wall, allowing natural light to fill the room.
   - Radiator: Below the window.
   - Side Table: On the far left, holding a lamp and some books.
   - Lamps: One on the side table and another floor lamp on the right side of the sofa.
   - Chandelier: Hanging from the ceiling, adding a touch of elegance.
   - Wall Art: Above the sofa, depicting a famous artwork.
   - Plants: Several small plants are placed around the room, including one on the coffee table and another near the armchair.
   - Rug: A white rug is placed under the coffee table.
   - Books/Magazines: On the side table and possibly on the coffee table.
   - Decorative Items: Various small decorative items are scattered throughout the room, enhancing the aesthetic appeal."
58,2,/Users/162191/Documents/GitHub/human_patterns_exploration/data/images/2unexp.jpg,1,/Users/162191/Documents/GitHub/human_patterns_exploration/outputs/masks_gaze_driven/best/IMG_2_unexp_Part_58_MASK_1_point_0.8818.png,208,270,220,290,point,209.7,286.1,Door,[Window],Mirror,[Window],Door,[Window],[Window],Door,Mirror,[Window],[Window],"1. Scene Overview: 
   The image depicts a bright and airy living room with a predominantly white color scheme. The room is well-lit, likely due to natural light coming through a large window. The decor is minimalist with a touch of elegance, featuring a mix of modern and classic elements.

2. Identified Objects:
   - Sofa: Positioned on the right side of the room, covered with white cushions and a few decorative pillows.
   - Coffee Table: In front of the sofa, white with a lattice design, holding a bowl of fruit and a small plant.
   - Armchair: To the left of the coffee table, near the window, with a dark cushion or cover.
   - Window: Large, located on the left wall, allowing natural light to fill the room.
   - Radiator: Below the window.
   - Side Table: On the far left, holding a lamp and some books.
   - Lamps: One on the side table and another floor lamp on the right side of the sofa.
   - Chandelier: Hanging from the ceiling, adding a touch of elegance.
   - Wall Art: Above the sofa, depicting a famous artwork.
   - Plants: Several small plants are placed around the room, including one on the coffee table and another near the armchair.
   - Rug: A white rug is placed under the coffee table.
   - Books/Magazines: On the side table and possibly on the coffee table.
   - Decorative Items: Various small decorative items are scattered throughout the room, enhancing the aesthetic appeal."
58,2,/Users/162191/Documents/GitHub/human_patterns_exploration/data/images/2unexp.jpg,6,/Users/162191/Documents/GitHub/human_patterns_exploration/outputs/masks_gaze_driven/best/IMG_2_unexp_Part_58_MASK_6_point_0.7110.png,39,67,350,434,point,44.4,405.5,Candlestick,Candlestick,Candlestick,Candlestick,Candlestick,Candlestick,Candlestick,Candlestick,Candlestick,Candlestick,Candlestick,"1. Scene Overview: 
   The image depicts a bright and airy living room with a predominantly white color scheme. The room is well-lit, likely due to natural light coming through a large window. The decor is minimalist with a touch of elegance, featuring a mix of modern and classic elements.

2. Identified Objects:
   - Sofa: Positioned on the right side of the room, covered with white cushions and a few decorative pillows.
   - Coffee Table: In front of the sofa, white with a lattice design, holding a bowl of fruit and a small plant.
   - Armchair: To the left of the coffee table, near the window, with a dark cushion or cover.
   - Window: Large, located on the left wall, allowing natural light to fill the room.
   - Radiator: Below the window.
   - Side Table: On the far left, holding a lamp and some books.
   - Lamps: One on the side table and another floor lamp on the right side of the sofa.
   - Chandelier: Hanging from the ceiling, adding a touch of elegance.
   - Wall Art: Above the sofa, depicting a famous artwork.
   - Plants: Several small plants are placed around the room, including one on the coffee table and another near the armchair.
   - Rug: A white rug is placed under the coffee table.
   - Books/Magazines: On the side table and possibly on the coffee table.
   - Decorative Items: Various small decorative items are scattered throughout the room, enhancing the aesthetic appeal."
58,2,/Users/162191/Documents/GitHub/human_patterns_exploration/data/images/2unexp.jpg,0,/Users/162191/Documents/GitHub/human_patterns_exploration/outputs/masks_gaze_driven/best/IMG_2_unexp_Part_58_MASK_0_point_0.9582.png,0,94,423,493,point,27.3,436.8,Table,Table,Table,Table,Table,Table,Table,Table,Table,Table,Table,"1. Scene Overview: 
   The image depicts a bright and airy living room with a predominantly white color scheme. The room is well-lit, likely due to natural light coming through a large window. The decor is minimalist with a touch of elegance, featuring a mix of modern and classic elements.

2. Identified Objects:
   - Sofa: Positioned on the right side of the room, covered with white cushions and a few decorative pillows.
   - Coffee Table: In front of the sofa, white with a lattice design, holding a bowl of fruit and a small plant.
   - Armchair: To the left of the coffee table, near the window, with a dark cushion or cover.
   - Window: Large, located on the left wall, allowing natural light to fill the room.
   - Radiator: Below the window.
   - Side Table: On the far left, holding a lamp and some books.
   - Lamps: One on the side table and another floor lamp on the right side of the sofa.
   - Chandelier: Hanging from the ceiling, adding a touch of elegance.
   - Wall Art: Above the sofa, depicting a famous artwork.
   - Plants: Several small plants are placed around the room, including one on the coffee table and another near the armchair.
   - Rug: A white rug is placed under the coffee table.
   - Books/Magazines: On the side table and possibly on the coffee table.
   - Decorative Items: Various small decorative items are scattered throughout the room, enhancing the aesthetic appeal."
58,2,/Users/162191/Documents/GitHub/human_patterns_exploration/data/images/2unexp.jpg,9,/Users/162191/Documents/GitHub/human_patterns_exploration/outputs/masks_gaze_driven/best/IMG_2_unexp_Part_58_MASK_9_point_0.9288.png,208,270,220,289,point,223.6,283.6,Mirror,[Door],[Door],Mirror,[Door],Mirror,Mirror,Mirror,Mirror,Mirror,Mirror,"1. Scene Overview: 
   The image depicts a bright and airy living room with a predominantly white color scheme. The room is well-lit, likely due to natural light coming through a large window. The decor is minimalist with a touch of elegance, featuring a mix of modern and classic elements.

2. Identified Objects:
   - Sofa: Positioned on the right side of the room, covered with white cushions and a few decorative pillows.
   - Coffee Table: In front of the sofa, white with a lattice design, holding a bowl of fruit and a small plant.
   - Armchair: To the left of the coffee table, near the window, with a dark cushion or cover.
   - Window: Large, located on the left wall, allowing natural light to fill the room.
   - Radiator: Below the window.
   - Side Table: On the far left, holding a lamp and some books.
   - Lamps: One on the side table and another floor lamp on the right side of the sofa.
   - Chandelier: Hanging from the ceiling, adding a touch of elegance.
   - Wall Art: Above the sofa, depicting a famous artwork.
   - Plants: Several small plants are placed around the room, including one on the coffee table and another near the armchair.
   - Rug: A white rug is placed under the coffee table.
   - Books/Magazines: On the side table and possibly on the coffee table.
   - Decorative Items: Various small decorative items are scattered throughout the room, enhancing the aesthetic appeal."
58,2,/Users/162191/Documents/GitHub/human_patterns_exploration/data/images/2unexp.jpg,7,/Users/162191/Documents/GitHub/human_patterns_exploration/outputs/masks_gaze_driven/best/IMG_2_unexp_Part_58_MASK_7_triangle_0.7316.png,0,30,384,439,triangle,12.0,421.3,Books,Books,Books,Books,Books,Books,Books,Books,Books,Books,Books,"1. Scene Overview: 
   The image depicts a bright and airy living room with a predominantly white color scheme. The room is well-lit, likely due to natural light coming through a large window. The decor is minimalist with a touch of elegance, featuring a mix of modern and classic elements.

2. Identified Objects:
   - Sofa: Positioned on the right side of the room, covered with white cushions and a few decorative pillows.
   - Coffee Table: In front of the sofa, white with a lattice design, holding a bowl of fruit and a small plant.
   - Armchair: To the left of the coffee table, near the window, with a dark cushion or cover.
   - Window: Large, located on the left wall, allowing natural light to fill the room.
   - Radiator: Below the window.
   - Side Table: On the far left, holding a lamp and some books.
   - Lamps: One on the side table and another floor lamp on the right side of the sofa.
   - Chandelier: Hanging from the ceiling, adding a touch of elegance.
   - Wall Art: Above the sofa, depicting a famous artwork.
   - Plants: Several small plants are placed around the room, including one on the coffee table and another near the armchair.
   - Rug: A white rug is placed under the coffee table.
   - Books/Magazines: On the side table and possibly on the coffee table.
   - Decorative Items: Various small decorative items are scattered throughout the room, enhancing the aesthetic appeal."
59,2,/Users/162191/Documents/GitHub/human_patterns_exploration/data/images/2unexp.jpg,7,/Users/162191/Documents/GitHub/human_patterns_exploration/outputs/masks_gaze_driven/best/IMG_2_unexp_Part_59_MASK_7_point_0.9612.png,472,546,336,401,point,524.9,376.1,Pillow,Pillow,Pillow,Pillow,Pillow,Pillow,Pillow,Pillow,Pillow,Pillow,Pillow,"1. Scene Overview: 
   The image depicts a bright and airy living room with a minimalist and modern design. The room features predominantly white decor with some natural wood elements and green plants, creating a fresh and inviting atmosphere.

2. Identified Objects:
   - Sofa: A white sofa is positioned against the right wall, adorned with several cushions in various shades of white and gray.
   - Coffee Table: A white, foldable coffee table is placed in front of the sofa, holding a bowl of fruit and a small plant.
   - Armchair: A wooden armchair with a dark cushion is located near the window on the left side of the room.
   - Window: A large window on the left wall allows natural light to flood the room.
   - Radiator: Positioned below the window.
   - Chandelier: A decorative chandelier hangs from the ceiling in the center of the room.
   - Wall Art: A piece of artwork depicting two hands is mounted on the wall above the sofa.
   - Side Tables: 
     - A wooden side table on the left holds a lamp and some books.
     - Another wooden table on the right holds a lamp and some magazines.
   - Lamps: Two lamps with white shades are on the side tables.
   - Plants: 
     - A potted plant is on the coffee table.
     - Another larger plant is near the armchair.
   - Rug: A white rug is placed on the floor in front of the sofa."
59,2,/Users/162191/Documents/GitHub/human_patterns_exploration/data/images/2unexp.jpg,5,/Users/162191/Documents/GitHub/human_patterns_exploration/outputs/masks_gaze_driven/best/IMG_2_unexp_Part_59_MASK_5_point_0.7285.png,174,191,291,303,point,191.0,293.1,Hat,Hat,Hat,Hat,Hat,Hat,Hat,Hat,Hat,Hat,Hat,"1. Scene Overview: 
   The image depicts a bright and airy living room with a minimalist and modern design. The room features predominantly white decor with some natural wood elements and green plants, creating a fresh and inviting atmosphere.

2. Identified Objects:
   - Sofa: A white sofa is positioned against the right wall, adorned with several cushions in various shades of white and gray.
   - Coffee Table: A white, foldable coffee table is placed in front of the sofa, holding a bowl of fruit and a small plant.
   - Armchair: A wooden armchair with a dark cushion is located near the window on the left side of the room.
   - Window: A large window on the left wall allows natural light to flood the room.
   - Radiator: Positioned below the window.
   - Chandelier: A decorative chandelier hangs from the ceiling in the center of the room.
   - Wall Art: A piece of artwork depicting two hands is mounted on the wall above the sofa.
   - Side Tables: 
     - A wooden side table on the left holds a lamp and some books.
     - Another wooden table on the right holds a lamp and some magazines.
   - Lamps: Two lamps with white shades are on the side tables.
   - Plants: 
     - A potted plant is on the coffee table.
     - Another larger plant is near the armchair.
   - Rug: A white rug is placed on the floor in front of the sofa."
59,2,/Users/162191/Documents/GitHub/human_patterns_exploration/data/images/2unexp.jpg,1,/Users/162191/Documents/GitHub/human_patterns_exploration/outputs/masks_gaze_driven/best/IMG_2_unexp_Part_59_MASK_1_point_0.9092.png,659,799,468,522,point,721.8,490.3,Brochure,Brochure,Brochure,Brochure,Brochure,Brochure,Brochure,Brochure,Brochure,Brochure,Brochure,"1. Scene Overview: 
   The image depicts a bright and airy living room with a minimalist and modern design. The room features predominantly white decor with some natural wood elements and green plants, creating a fresh and inviting atmosphere.

2. Identified Objects:
   - Sofa: A white sofa is positioned against the right wall, adorned with several cushions in various shades of white and gray.
   - Coffee Table: A white, foldable coffee table is placed in front of the sofa, holding a bowl of fruit and a small plant.
   - Armchair: A wooden armchair with a dark cushion is located near the window on the left side of the room.
   - Window: A large window on the left wall allows natural light to flood the room.
   - Radiator: Positioned below the window.
   - Chandelier: A decorative chandelier hangs from the ceiling in the center of the room.
   - Wall Art: A piece of artwork depicting two hands is mounted on the wall above the sofa.
   - Side Tables: 
     - A wooden side table on the left holds a lamp and some books.
     - Another wooden table on the right holds a lamp and some magazines.
   - Lamps: Two lamps with white shades are on the side tables.
   - Plants: 
     - A potted plant is on the coffee table.
     - Another larger plant is near the armchair.
   - Rug: A white rug is placed on the floor in front of the sofa."
59,2,/Users/162191/Documents/GitHub/human_patterns_exploration/data/images/2unexp.jpg,3,/Users/162191/Documents/GitHub/human_patterns_exploration/outputs/masks_gaze_driven/best/IMG_2_unexp_Part_59_MASK_3_point_0.8817.png,208,269,284,338,point,219.0,335.9,Llama,Llama,Llama,Llama,Llama,Camel,Camel,Camel,Llama,Llama,Llama,"1. Scene Overview: 
   The image depicts a bright and airy living room with a minimalist and modern design. The room features predominantly white decor with some natural wood elements and green plants, creating a fresh and inviting atmosphere.

2. Identified Objects:
   - Sofa: A white sofa is positioned against the right wall, adorned with several cushions in various shades of white and gray.
   - Coffee Table: A white, foldable coffee table is placed in front of the sofa, holding a bowl of fruit and a small plant.
   - Armchair: A wooden armchair with a dark cushion is located near the window on the left side of the room.
   - Window: A large window on the left wall allows natural light to flood the room.
   - Radiator: Positioned below the window.
   - Chandelier: A decorative chandelier hangs from the ceiling in the center of the room.
   - Wall Art: A piece of artwork depicting two hands is mounted on the wall above the sofa.
   - Side Tables: 
     - A wooden side table on the left holds a lamp and some books.
     - Another wooden table on the right holds a lamp and some magazines.
   - Lamps: Two lamps with white shades are on the side tables.
   - Plants: 
     - A potted plant is on the coffee table.
     - Another larger plant is near the armchair.
   - Rug: A white rug is placed on the floor in front of the sofa."
59,2,/Users/162191/Documents/GitHub/human_patterns_exploration/data/images/2unexp.jpg,6,/Users/162191/Documents/GitHub/human_patterns_exploration/outputs/masks_gaze_driven/best/IMG_2_unexp_Part_59_MASK_6_point_0.9398.png,292,387,313,463,point,355.0,332.7,Chair,Chair,Chair,Chair,Chair,Chair,Chair,Chair,Chair,Chair,Chair,"1. Scene Overview: 
   The image depicts a bright and airy living room with a minimalist and modern design. The room features predominantly white decor with some natural wood elements and green plants, creating a fresh and inviting atmosphere.

2. Identified Objects:
   - Sofa: A white sofa is positioned against the right wall, adorned with several cushions in various shades of white and gray.
   - Coffee Table: A white, foldable coffee table is placed in front of the sofa, holding a bowl of fruit and a small plant.
   - Armchair: A wooden armchair with a dark cushion is located near the window on the left side of the room.
   - Window: A large window on the left wall allows natural light to flood the room.
   - Radiator: Positioned below the window.
   - Chandelier: A decorative chandelier hangs from the ceiling in the center of the room.
   - Wall Art: A piece of artwork depicting two hands is mounted on the wall above the sofa.
   - Side Tables: 
     - A wooden side table on the left holds a lamp and some books.
     - Another wooden table on the right holds a lamp and some magazines.
   - Lamps: Two lamps with white shades are on the side tables.
   - Plants: 
     - A potted plant is on the coffee table.
     - Another larger plant is near the armchair.
   - Rug: A white rug is placed on the floor in front of the sofa."
59,2,/Users/162191/Documents/GitHub/human_patterns_exploration/data/images/2unexp.jpg,2,/Users/162191/Documents/GitHub/human_patterns_exploration/outputs/masks_gaze_driven/best/IMG_2_unexp_Part_59_MASK_2_circle_0.6324.png,662,717,413,468,circle,708.1,439.9,Cabbage,Cabbage,Cabbage,Cabbage,Cabbage,Cabbage,Cabbage,Cabbage,Cabbage,Cabbage,Cabbage,"1. Scene Overview: 
   The image depicts a bright and airy living room with a minimalist and modern design. The room features predominantly white decor with some natural wood elements and green plants, creating a fresh and inviting atmosphere.

2. Identified Objects:
   - Sofa: A white sofa is positioned against the right wall, adorned with several cushions in various shades of white and gray.
   - Coffee Table: A white, foldable coffee table is placed in front of the sofa, holding a bowl of fruit and a small plant.
   - Armchair: A wooden armchair with a dark cushion is located near the window on the left side of the room.
   - Window: A large window on the left wall allows natural light to flood the room.
   - Radiator: Positioned below the window.
   - Chandelier: A decorative chandelier hangs from the ceiling in the center of the room.
   - Wall Art: A piece of artwork depicting two hands is mounted on the wall above the sofa.
   - Side Tables: 
     - A wooden side table on the left holds a lamp and some books.
     - Another wooden table on the right holds a lamp and some magazines.
   - Lamps: Two lamps with white shades are on the side tables.
   - Plants: 
     - A potted plant is on the coffee table.
     - Another larger plant is near the armchair.
   - Rug: A white rug is placed on the floor in front of the sofa."
59,2,/Users/162191/Documents/GitHub/human_patterns_exploration/data/images/2unexp.jpg,0,/Users/162191/Documents/GitHub/human_patterns_exploration/outputs/masks_gaze_driven/best/IMG_2_unexp_Part_59_MASK_0_point_0.8394.png,363,557,413,561,point,433.8,428.5,Table,Table,Table,Table,Table,Table,Table,Table,Table,Table,Table,"1. Scene Overview: 
   The image depicts a bright and airy living room with a minimalist and modern design. The room features predominantly white decor with some natural wood elements and green plants, creating a fresh and inviting atmosphere.

2. Identified Objects:
   - Sofa: A white sofa is positioned against the right wall, adorned with several cushions in various shades of white and gray.
   - Coffee Table: A white, foldable coffee table is placed in front of the sofa, holding a bowl of fruit and a small plant.
   - Armchair: A wooden armchair with a dark cushion is located near the window on the left side of the room.
   - Window: A large window on the left wall allows natural light to flood the room.
   - Radiator: Positioned below the window.
   - Chandelier: A decorative chandelier hangs from the ceiling in the center of the room.
   - Wall Art: A piece of artwork depicting two hands is mounted on the wall above the sofa.
   - Side Tables: 
     - A wooden side table on the left holds a lamp and some books.
     - Another wooden table on the right holds a lamp and some magazines.
   - Lamps: Two lamps with white shades are on the side tables.
   - Plants: 
     - A potted plant is on the coffee table.
     - Another larger plant is near the armchair.
   - Rug: A white rug is placed on the floor in front of the sofa."
59,2,/Users/162191/Documents/GitHub/human_patterns_exploration/data/images/2unexp.jpg,9,/Users/162191/Documents/GitHub/human_patterns_exploration/outputs/masks_gaze_driven/best/IMG_2_unexp_Part_59_MASK_9_point_0.5915.png,743,799,275,558,point,780.3,429.9,Plant,Plant,Plant,Plant,Plant,Lamp,Plant,Plant,Plant,Plant,Plant,"1. Scene Overview: 
   The image depicts a bright and airy living room with a minimalist and modern design. The room features predominantly white decor with some natural wood elements and green plants, creating a fresh and inviting atmosphere.

2. Identified Objects:
   - Sofa: A white sofa is positioned against the right wall, adorned with several cushions in various shades of white and gray.
   - Coffee Table: A white, foldable coffee table is placed in front of the sofa, holding a bowl of fruit and a small plant.
   - Armchair: A wooden armchair with a dark cushion is located near the window on the left side of the room.
   - Window: A large window on the left wall allows natural light to flood the room.
   - Radiator: Positioned below the window.
   - Chandelier: A decorative chandelier hangs from the ceiling in the center of the room.
   - Wall Art: A piece of artwork depicting two hands is mounted on the wall above the sofa.
   - Side Tables: 
     - A wooden side table on the left holds a lamp and some books.
     - Another wooden table on the right holds a lamp and some magazines.
   - Lamps: Two lamps with white shades are on the side tables.
   - Plants: 
     - A potted plant is on the coffee table.
     - Another larger plant is near the armchair.
   - Rug: A white rug is placed on the floor in front of the sofa."
59,2,/Users/162191/Documents/GitHub/human_patterns_exploration/data/images/2unexp.jpg,8,/Users/162191/Documents/GitHub/human_patterns_exploration/outputs/masks_gaze_driven/best/IMG_2_unexp_Part_59_MASK_8_point_0.5022.png,538,776,391,479,point,715.6,403.8,Sofa,Sofa,Sofa,Sofa,Sofa,Sofa,Sofa,Sofa,Sofa,Sofa,Sofa,"1. Scene Overview: 
   The image depicts a bright and airy living room with a minimalist and modern design. The room features predominantly white decor with some natural wood elements and green plants, creating a fresh and inviting atmosphere.

2. Identified Objects:
   - Sofa: A white sofa is positioned against the right wall, adorned with several cushions in various shades of white and gray.
   - Coffee Table: A white, foldable coffee table is placed in front of the sofa, holding a bowl of fruit and a small plant.
   - Armchair: A wooden armchair with a dark cushion is located near the window on the left side of the room.
   - Window: A large window on the left wall allows natural light to flood the room.
   - Radiator: Positioned below the window.
   - Chandelier: A decorative chandelier hangs from the ceiling in the center of the room.
   - Wall Art: A piece of artwork depicting two hands is mounted on the wall above the sofa.
   - Side Tables: 
     - A wooden side table on the left holds a lamp and some books.
     - Another wooden table on the right holds a lamp and some magazines.
   - Lamps: Two lamps with white shades are on the side tables.
   - Plants: 
     - A potted plant is on the coffee table.
     - Another larger plant is near the armchair.
   - Rug: A white rug is placed on the floor in front of the sofa."
59,2,/Users/162191/Documents/GitHub/human_patterns_exploration/data/images/2unexp.jpg,4,/Users/162191/Documents/GitHub/human_patterns_exploration/outputs/masks_gaze_driven/best/IMG_2_unexp_Part_59_MASK_4_point_0.8455.png,175,269,285,338,point,217.3,299.8,[Giraffe],[Columns],[Columns],[Giraffe],[Columns],[Giraffe],[Columns],[Giraffe],[Columns],[Columns],[Columns],"1. Scene Overview: 
   The image depicts a bright and airy living room with a minimalist and modern design. The room features predominantly white decor with some natural wood elements and green plants, creating a fresh and inviting atmosphere.

2. Identified Objects:
   - Sofa: A white sofa is positioned against the right wall, adorned with several cushions in various shades of white and gray.
   - Coffee Table: A white, foldable coffee table is placed in front of the sofa, holding a bowl of fruit and a small plant.
   - Armchair: A wooden armchair with a dark cushion is located near the window on the left side of the room.
   - Window: A large window on the left wall allows natural light to flood the room.
   - Radiator: Positioned below the window.
   - Chandelier: A decorative chandelier hangs from the ceiling in the center of the room.
   - Wall Art: A piece of artwork depicting two hands is mounted on the wall above the sofa.
   - Side Tables: 
     - A wooden side table on the left holds a lamp and some books.
     - Another wooden table on the right holds a lamp and some magazines.
   - Lamps: Two lamps with white shades are on the side tables.
   - Plants: 
     - A potted plant is on the coffee table.
     - Another larger plant is near the armchair.
   - Rug: A white rug is placed on the floor in front of the sofa."
60,2,/Users/162191/Documents/GitHub/human_patterns_exploration/data/images/2unexp.jpg,10,/Users/162191/Documents/GitHub/human_patterns_exploration/outputs/masks_gaze_driven/best/IMG_2_unexp_Part_60_MASK_10_point_0.8395.png,175,269,285,338,point,212.4,304.2,[Giraffe],[Giraffe],[Giraffe],[Giraffe],[Giraffe],[Giraffe],[Giraffe],Column,[Column],[Giraffe],[Giraffe],"1. Scene Overview: 
   The image depicts a bright and airy living room with a minimalist and modern design. The room is predominantly white, with natural light streaming in through a large window. The decor includes a mix of contemporary and classic elements, creating a cozy and inviting atmosphere.

2. Identified Objects:
   - Sofa: A white sofa is positioned against the right wall, adorned with several cushions in various shades of white and gray.
   - Coffee Table: A white, foldable coffee table is placed in front of the sofa, holding a bowl of fruit and a small plant.
   - Armchair: A wooden armchair with a dark cushion is located near the window on the left side.
   - Window: A large window on the left wall allows natural light to illuminate the room.
   - Radiator: Positioned below the window.
   - Side Table: A wooden side table is on the left side of the room, holding a lamp and some books.
   - Lamp: A white lamp with a pleated shade is on the side table.
   - Chandelier: A decorative chandelier hangs from the ceiling, adding an elegant touch.
   - Wall Art: A piece of artwork depicting two hands is hung above the sofa.
   - Plants: Several potted plants are scattered around the room, including one on the coffee table and another near the armchair.
   - Rug: A white rug is placed on the floor in front of the sofa.
   - Books and Magazines: A stack of books and magazines is on the right side table."
60,2,/Users/162191/Documents/GitHub/human_patterns_exploration/data/images/2unexp.jpg,19,/Users/162191/Documents/GitHub/human_patterns_exploration/outputs/masks_gaze_driven/best/IMG_2_unexp_Part_60_MASK_19_point_0.9382.png,292,387,313,463,point,353.1,358.3,Chair,Chair,Chair,Chair,Chair,Chair,Chair,Chair,Chair,Chair,Chair,"1. Scene Overview: 
   The image depicts a bright and airy living room with a minimalist and modern design. The room is predominantly white, with natural light streaming in through a large window. The decor includes a mix of contemporary and classic elements, creating a cozy and inviting atmosphere.

2. Identified Objects:
   - Sofa: A white sofa is positioned against the right wall, adorned with several cushions in various shades of white and gray.
   - Coffee Table: A white, foldable coffee table is placed in front of the sofa, holding a bowl of fruit and a small plant.
   - Armchair: A wooden armchair with a dark cushion is located near the window on the left side.
   - Window: A large window on the left wall allows natural light to illuminate the room.
   - Radiator: Positioned below the window.
   - Side Table: A wooden side table is on the left side of the room, holding a lamp and some books.
   - Lamp: A white lamp with a pleated shade is on the side table.
   - Chandelier: A decorative chandelier hangs from the ceiling, adding an elegant touch.
   - Wall Art: A piece of artwork depicting two hands is hung above the sofa.
   - Plants: Several potted plants are scattered around the room, including one on the coffee table and another near the armchair.
   - Rug: A white rug is placed on the floor in front of the sofa.
   - Books and Magazines: A stack of books and magazines is on the right side table."
60,2,/Users/162191/Documents/GitHub/human_patterns_exploration/data/images/2unexp.jpg,1,/Users/162191/Documents/GitHub/human_patterns_exploration/outputs/masks_gaze_driven/best/IMG_2_unexp_Part_60_MASK_1_point_0.9586.png,472,545,336,401,point,521.5,369.9,Pillow,Pillow,Pillow,Pillow,Pillow,Pillow,Pillow,Pillow,Pillow,Pillow,Pillow,"1. Scene Overview: 
   The image depicts a bright and airy living room with a minimalist and modern design. The room is predominantly white, with natural light streaming in through a large window. The decor includes a mix of contemporary and classic elements, creating a cozy and inviting atmosphere.

2. Identified Objects:
   - Sofa: A white sofa is positioned against the right wall, adorned with several cushions in various shades of white and gray.
   - Coffee Table: A white, foldable coffee table is placed in front of the sofa, holding a bowl of fruit and a small plant.
   - Armchair: A wooden armchair with a dark cushion is located near the window on the left side.
   - Window: A large window on the left wall allows natural light to illuminate the room.
   - Radiator: Positioned below the window.
   - Side Table: A wooden side table is on the left side of the room, holding a lamp and some books.
   - Lamp: A white lamp with a pleated shade is on the side table.
   - Chandelier: A decorative chandelier hangs from the ceiling, adding an elegant touch.
   - Wall Art: A piece of artwork depicting two hands is hung above the sofa.
   - Plants: Several potted plants are scattered around the room, including one on the coffee table and another near the armchair.
   - Rug: A white rug is placed on the floor in front of the sofa.
   - Books and Magazines: A stack of books and magazines is on the right side table."
60,2,/Users/162191/Documents/GitHub/human_patterns_exploration/data/images/2unexp.jpg,4,/Users/162191/Documents/GitHub/human_patterns_exploration/outputs/masks_gaze_driven/best/IMG_2_unexp_Part_60_MASK_4_point_0.8400.png,0,799,0,346,point,724.2,339.5,Chandelier,Chandelier,Chandelier,Chandelier,Chandelier,Chandelier,Chandelier,Chandelier,Chandelier,Chandelier,Chandelier,"1. Scene Overview: 
   The image depicts a bright and airy living room with a minimalist and modern design. The room is predominantly white, with natural light streaming in through a large window. The decor includes a mix of contemporary and classic elements, creating a cozy and inviting atmosphere.

2. Identified Objects:
   - Sofa: A white sofa is positioned against the right wall, adorned with several cushions in various shades of white and gray.
   - Coffee Table: A white, foldable coffee table is placed in front of the sofa, holding a bowl of fruit and a small plant.
   - Armchair: A wooden armchair with a dark cushion is located near the window on the left side.
   - Window: A large window on the left wall allows natural light to illuminate the room.
   - Radiator: Positioned below the window.
   - Side Table: A wooden side table is on the left side of the room, holding a lamp and some books.
   - Lamp: A white lamp with a pleated shade is on the side table.
   - Chandelier: A decorative chandelier hangs from the ceiling, adding an elegant touch.
   - Wall Art: A piece of artwork depicting two hands is hung above the sofa.
   - Plants: Several potted plants are scattered around the room, including one on the coffee table and another near the armchair.
   - Rug: A white rug is placed on the floor in front of the sofa.
   - Books and Magazines: A stack of books and magazines is on the right side table."
60,2,/Users/162191/Documents/GitHub/human_patterns_exploration/data/images/2unexp.jpg,7,/Users/162191/Documents/GitHub/human_patterns_exploration/outputs/masks_gaze_driven/best/IMG_2_unexp_Part_60_MASK_7_cross_0.5450.png,307,392,117,360,cross,318.2,238.0,Chandelier,Chandelier,Chandelier,Chandelier,Chandelier,Chandelier,Chandelier,Chandelier,Chandelier,Chandelier,Chandelier,"1. Scene Overview: 
   The image depicts a bright and airy living room with a minimalist and modern design. The room is predominantly white, with natural light streaming in through a large window. The decor includes a mix of contemporary and classic elements, creating a cozy and inviting atmosphere.

2. Identified Objects:
   - Sofa: A white sofa is positioned against the right wall, adorned with several cushions in various shades of white and gray.
   - Coffee Table: A white, foldable coffee table is placed in front of the sofa, holding a bowl of fruit and a small plant.
   - Armchair: A wooden armchair with a dark cushion is located near the window on the left side.
   - Window: A large window on the left wall allows natural light to illuminate the room.
   - Radiator: Positioned below the window.
   - Side Table: A wooden side table is on the left side of the room, holding a lamp and some books.
   - Lamp: A white lamp with a pleated shade is on the side table.
   - Chandelier: A decorative chandelier hangs from the ceiling, adding an elegant touch.
   - Wall Art: A piece of artwork depicting two hands is hung above the sofa.
   - Plants: Several potted plants are scattered around the room, including one on the coffee table and another near the armchair.
   - Rug: A white rug is placed on the floor in front of the sofa.
   - Books and Magazines: A stack of books and magazines is on the right side table."
60,2,/Users/162191/Documents/GitHub/human_patterns_exploration/data/images/2unexp.jpg,21,/Users/162191/Documents/GitHub/human_patterns_exploration/outputs/masks_gaze_driven/best/IMG_2_unexp_Part_60_MASK_21_point_0.8508.png,176,269,285,338,point,223.6,293.3,[Giraffe],[Giraffe],[Giraffe],[Giraffe],[Giraffe],[Giraffe],[Giraffe],[Giraffe],[Giraffe],[Giraffe],[Giraffe],"1. Scene Overview: 
   The image depicts a bright and airy living room with a minimalist and modern design. The room is predominantly white, with natural light streaming in through a large window. The decor includes a mix of contemporary and classic elements, creating a cozy and inviting atmosphere.

2. Identified Objects:
   - Sofa: A white sofa is positioned against the right wall, adorned with several cushions in various shades of white and gray.
   - Coffee Table: A white, foldable coffee table is placed in front of the sofa, holding a bowl of fruit and a small plant.
   - Armchair: A wooden armchair with a dark cushion is located near the window on the left side.
   - Window: A large window on the left wall allows natural light to illuminate the room.
   - Radiator: Positioned below the window.
   - Side Table: A wooden side table is on the left side of the room, holding a lamp and some books.
   - Lamp: A white lamp with a pleated shade is on the side table.
   - Chandelier: A decorative chandelier hangs from the ceiling, adding an elegant touch.
   - Wall Art: A piece of artwork depicting two hands is hung above the sofa.
   - Plants: Several potted plants are scattered around the room, including one on the coffee table and another near the armchair.
   - Rug: A white rug is placed on the floor in front of the sofa.
   - Books and Magazines: A stack of books and magazines is on the right side table."
60,2,/Users/162191/Documents/GitHub/human_patterns_exploration/data/images/2unexp.jpg,9,/Users/162191/Documents/GitHub/human_patterns_exploration/outputs/masks_gaze_driven/best/IMG_2_unexp_Part_60_MASK_9_point_0.8583.png,175,269,285,338,point,211.8,293.3,[Columns],[Column],[Columns],[Column],[Giraffe],[Column],[Giraffe],[Giraffe],[Giraffe],[Giraffe],[Giraffe],"1. Scene Overview: 
   The image depicts a bright and airy living room with a minimalist and modern design. The room is predominantly white, with natural light streaming in through a large window. The decor includes a mix of contemporary and classic elements, creating a cozy and inviting atmosphere.

2. Identified Objects:
   - Sofa: A white sofa is positioned against the right wall, adorned with several cushions in various shades of white and gray.
   - Coffee Table: A white, foldable coffee table is placed in front of the sofa, holding a bowl of fruit and a small plant.
   - Armchair: A wooden armchair with a dark cushion is located near the window on the left side.
   - Window: A large window on the left wall allows natural light to illuminate the room.
   - Radiator: Positioned below the window.
   - Side Table: A wooden side table is on the left side of the room, holding a lamp and some books.
   - Lamp: A white lamp with a pleated shade is on the side table.
   - Chandelier: A decorative chandelier hangs from the ceiling, adding an elegant touch.
   - Wall Art: A piece of artwork depicting two hands is hung above the sofa.
   - Plants: Several potted plants are scattered around the room, including one on the coffee table and another near the armchair.
   - Rug: A white rug is placed on the floor in front of the sofa.
   - Books and Magazines: A stack of books and magazines is on the right side table."
60,2,/Users/162191/Documents/GitHub/human_patterns_exploration/data/images/2unexp.jpg,6,/Users/162191/Documents/GitHub/human_patterns_exploration/outputs/masks_gaze_driven/best/IMG_2_unexp_Part_60_MASK_6_point_0.8750.png,581,683,222,286,point,619.1,249.9,Hand,Hand,Hand,[Hand],Hand,Hand,Hand,Hand,[Hand],Hand,Hand,"1. Scene Overview: 
   The image depicts a bright and airy living room with a minimalist and modern design. The room is predominantly white, with natural light streaming in through a large window. The decor includes a mix of contemporary and classic elements, creating a cozy and inviting atmosphere.

2. Identified Objects:
   - Sofa: A white sofa is positioned against the right wall, adorned with several cushions in various shades of white and gray.
   - Coffee Table: A white, foldable coffee table is placed in front of the sofa, holding a bowl of fruit and a small plant.
   - Armchair: A wooden armchair with a dark cushion is located near the window on the left side.
   - Window: A large window on the left wall allows natural light to illuminate the room.
   - Radiator: Positioned below the window.
   - Side Table: A wooden side table is on the left side of the room, holding a lamp and some books.
   - Lamp: A white lamp with a pleated shade is on the side table.
   - Chandelier: A decorative chandelier hangs from the ceiling, adding an elegant touch.
   - Wall Art: A piece of artwork depicting two hands is hung above the sofa.
   - Plants: Several potted plants are scattered around the room, including one on the coffee table and another near the armchair.
   - Rug: A white rug is placed on the floor in front of the sofa.
   - Books and Magazines: A stack of books and magazines is on the right side table."
60,2,/Users/162191/Documents/GitHub/human_patterns_exploration/data/images/2unexp.jpg,18,/Users/162191/Documents/GitHub/human_patterns_exploration/outputs/masks_gaze_driven/best/IMG_2_unexp_Part_60_MASK_18_triangle_0.9075.png,444,481,346,391,triangle,467.2,380.6,[Rock],[Paper],Rock,[Rock],Bark,Rock,[Rock],Paper,[Paper],[Paper],[Rock],"1. Scene Overview: 
   The image depicts a bright and airy living room with a minimalist and modern design. The room is predominantly white, with natural light streaming in through a large window. The decor includes a mix of contemporary and classic elements, creating a cozy and inviting atmosphere.

2. Identified Objects:
   - Sofa: A white sofa is positioned against the right wall, adorned with several cushions in various shades of white and gray.
   - Coffee Table: A white, foldable coffee table is placed in front of the sofa, holding a bowl of fruit and a small plant.
   - Armchair: A wooden armchair with a dark cushion is located near the window on the left side.
   - Window: A large window on the left wall allows natural light to illuminate the room.
   - Radiator: Positioned below the window.
   - Side Table: A wooden side table is on the left side of the room, holding a lamp and some books.
   - Lamp: A white lamp with a pleated shade is on the side table.
   - Chandelier: A decorative chandelier hangs from the ceiling, adding an elegant touch.
   - Wall Art: A piece of artwork depicting two hands is hung above the sofa.
   - Plants: Several potted plants are scattered around the room, including one on the coffee table and another near the armchair.
   - Rug: A white rug is placed on the floor in front of the sofa.
   - Books and Magazines: A stack of books and magazines is on the right side table."
60,2,/Users/162191/Documents/GitHub/human_patterns_exploration/data/images/2unexp.jpg,3,/Users/162191/Documents/GitHub/human_patterns_exploration/outputs/masks_gaze_driven/best/IMG_2_unexp_Part_60_MASK_3_point_0.9370.png,504,685,207,300,point,641.3,273.8,Hands,Hands,Hands,Hands,Hands,Hands,Hands,Hands,Hands,Hands,Hands,"1. Scene Overview: 
   The image depicts a bright and airy living room with a minimalist and modern design. The room is predominantly white, with natural light streaming in through a large window. The decor includes a mix of contemporary and classic elements, creating a cozy and inviting atmosphere.

2. Identified Objects:
   - Sofa: A white sofa is positioned against the right wall, adorned with several cushions in various shades of white and gray.
   - Coffee Table: A white, foldable coffee table is placed in front of the sofa, holding a bowl of fruit and a small plant.
   - Armchair: A wooden armchair with a dark cushion is located near the window on the left side.
   - Window: A large window on the left wall allows natural light to illuminate the room.
   - Radiator: Positioned below the window.
   - Side Table: A wooden side table is on the left side of the room, holding a lamp and some books.
   - Lamp: A white lamp with a pleated shade is on the side table.
   - Chandelier: A decorative chandelier hangs from the ceiling, adding an elegant touch.
   - Wall Art: A piece of artwork depicting two hands is hung above the sofa.
   - Plants: Several potted plants are scattered around the room, including one on the coffee table and another near the armchair.
   - Rug: A white rug is placed on the floor in front of the sofa.
   - Books and Magazines: A stack of books and magazines is on the right side table."
60,2,/Users/162191/Documents/GitHub/human_patterns_exploration/data/images/2unexp.jpg,13,/Users/162191/Documents/GitHub/human_patterns_exploration/outputs/masks_gaze_driven/best/IMG_2_unexp_Part_60_MASK_13_point_0.9149.png,208,270,220,289,point,212.5,282.2,[Window],[Door],[Door],[Door],Mirror,Mirror,Mirror,[Door],Mirror,Mirror,Mirror,"1. Scene Overview: 
   The image depicts a bright and airy living room with a minimalist and modern design. The room is predominantly white, with natural light streaming in through a large window. The decor includes a mix of contemporary and classic elements, creating a cozy and inviting atmosphere.

2. Identified Objects:
   - Sofa: A white sofa is positioned against the right wall, adorned with several cushions in various shades of white and gray.
   - Coffee Table: A white, foldable coffee table is placed in front of the sofa, holding a bowl of fruit and a small plant.
   - Armchair: A wooden armchair with a dark cushion is located near the window on the left side.
   - Window: A large window on the left wall allows natural light to illuminate the room.
   - Radiator: Positioned below the window.
   - Side Table: A wooden side table is on the left side of the room, holding a lamp and some books.
   - Lamp: A white lamp with a pleated shade is on the side table.
   - Chandelier: A decorative chandelier hangs from the ceiling, adding an elegant touch.
   - Wall Art: A piece of artwork depicting two hands is hung above the sofa.
   - Plants: Several potted plants are scattered around the room, including one on the coffee table and another near the armchair.
   - Rug: A white rug is placed on the floor in front of the sofa.
   - Books and Magazines: A stack of books and magazines is on the right side table."
60,2,/Users/162191/Documents/GitHub/human_patterns_exploration/data/images/2unexp.jpg,16,/Users/162191/Documents/GitHub/human_patterns_exploration/outputs/masks_gaze_driven/best/IMG_2_unexp_Part_60_MASK_16_point_0.8621.png,734,799,298,404,point,794.9,356.8,Plant,Plant,Plant,Plant,Plant,Plant,Plant,Plant,Plant,Plant,Plant,"1. Scene Overview: 
   The image depicts a bright and airy living room with a minimalist and modern design. The room is predominantly white, with natural light streaming in through a large window. The decor includes a mix of contemporary and classic elements, creating a cozy and inviting atmosphere.

2. Identified Objects:
   - Sofa: A white sofa is positioned against the right wall, adorned with several cushions in various shades of white and gray.
   - Coffee Table: A white, foldable coffee table is placed in front of the sofa, holding a bowl of fruit and a small plant.
   - Armchair: A wooden armchair with a dark cushion is located near the window on the left side.
   - Window: A large window on the left wall allows natural light to illuminate the room.
   - Radiator: Positioned below the window.
   - Side Table: A wooden side table is on the left side of the room, holding a lamp and some books.
   - Lamp: A white lamp with a pleated shade is on the side table.
   - Chandelier: A decorative chandelier hangs from the ceiling, adding an elegant touch.
   - Wall Art: A piece of artwork depicting two hands is hung above the sofa.
   - Plants: Several potted plants are scattered around the room, including one on the coffee table and another near the armchair.
   - Rug: A white rug is placed on the floor in front of the sofa.
   - Books and Magazines: A stack of books and magazines is on the right side table."
60,2,/Users/162191/Documents/GitHub/human_patterns_exploration/data/images/2unexp.jpg,8,/Users/162191/Documents/GitHub/human_patterns_exploration/outputs/masks_gaze_driven/best/IMG_2_unexp_Part_60_MASK_8_point_0.8937.png,332,412,0,173,point,373.4,159.8,Chandelier,Chandelier,Chandelier,Chandelier,Chandelier,Chandelier,Chandelier,Chandelier,Chandelier,Chandelier,Chandelier,"1. Scene Overview: 
   The image depicts a bright and airy living room with a minimalist and modern design. The room is predominantly white, with natural light streaming in through a large window. The decor includes a mix of contemporary and classic elements, creating a cozy and inviting atmosphere.

2. Identified Objects:
   - Sofa: A white sofa is positioned against the right wall, adorned with several cushions in various shades of white and gray.
   - Coffee Table: A white, foldable coffee table is placed in front of the sofa, holding a bowl of fruit and a small plant.
   - Armchair: A wooden armchair with a dark cushion is located near the window on the left side.
   - Window: A large window on the left wall allows natural light to illuminate the room.
   - Radiator: Positioned below the window.
   - Side Table: A wooden side table is on the left side of the room, holding a lamp and some books.
   - Lamp: A white lamp with a pleated shade is on the side table.
   - Chandelier: A decorative chandelier hangs from the ceiling, adding an elegant touch.
   - Wall Art: A piece of artwork depicting two hands is hung above the sofa.
   - Plants: Several potted plants are scattered around the room, including one on the coffee table and another near the armchair.
   - Rug: A white rug is placed on the floor in front of the sofa.
   - Books and Magazines: A stack of books and magazines is on the right side table."
60,2,/Users/162191/Documents/GitHub/human_patterns_exploration/data/images/2unexp.jpg,12,/Users/162191/Documents/GitHub/human_patterns_exploration/outputs/masks_gaze_driven/best/IMG_2_unexp_Part_60_MASK_12_point_0.7703.png,0,20,408,444,point,16.1,435.3,Packages,Packages,Packages,Packages,Packages,Packages,Packages,Boxes,Books,Packages,Packages,"1. Scene Overview: 
   The image depicts a bright and airy living room with a minimalist and modern design. The room is predominantly white, with natural light streaming in through a large window. The decor includes a mix of contemporary and classic elements, creating a cozy and inviting atmosphere.

2. Identified Objects:
   - Sofa: A white sofa is positioned against the right wall, adorned with several cushions in various shades of white and gray.
   - Coffee Table: A white, foldable coffee table is placed in front of the sofa, holding a bowl of fruit and a small plant.
   - Armchair: A wooden armchair with a dark cushion is located near the window on the left side.
   - Window: A large window on the left wall allows natural light to illuminate the room.
   - Radiator: Positioned below the window.
   - Side Table: A wooden side table is on the left side of the room, holding a lamp and some books.
   - Lamp: A white lamp with a pleated shade is on the side table.
   - Chandelier: A decorative chandelier hangs from the ceiling, adding an elegant touch.
   - Wall Art: A piece of artwork depicting two hands is hung above the sofa.
   - Plants: Several potted plants are scattered around the room, including one on the coffee table and another near the armchair.
   - Rug: A white rug is placed on the floor in front of the sofa.
   - Books and Magazines: A stack of books and magazines is on the right side table."
60,2,/Users/162191/Documents/GitHub/human_patterns_exploration/data/images/2unexp.jpg,0,/Users/162191/Documents/GitHub/human_patterns_exploration/outputs/masks_gaze_driven/best/IMG_2_unexp_Part_60_MASK_0_point_0.9406.png,292,387,313,463,point,350.3,352.9,Chair,Chair,Chair,Chair,Chair,Chair,Chair,Chair,Chair,Chair,Chair,"1. Scene Overview: 
   The image depicts a bright and airy living room with a minimalist and modern design. The room is predominantly white, with natural light streaming in through a large window. The decor includes a mix of contemporary and classic elements, creating a cozy and inviting atmosphere.

2. Identified Objects:
   - Sofa: A white sofa is positioned against the right wall, adorned with several cushions in various shades of white and gray.
   - Coffee Table: A white, foldable coffee table is placed in front of the sofa, holding a bowl of fruit and a small plant.
   - Armchair: A wooden armchair with a dark cushion is located near the window on the left side.
   - Window: A large window on the left wall allows natural light to illuminate the room.
   - Radiator: Positioned below the window.
   - Side Table: A wooden side table is on the left side of the room, holding a lamp and some books.
   - Lamp: A white lamp with a pleated shade is on the side table.
   - Chandelier: A decorative chandelier hangs from the ceiling, adding an elegant touch.
   - Wall Art: A piece of artwork depicting two hands is hung above the sofa.
   - Plants: Several potted plants are scattered around the room, including one on the coffee table and another near the armchair.
   - Rug: A white rug is placed on the floor in front of the sofa.
   - Books and Magazines: A stack of books and magazines is on the right side table."
60,2,/Users/162191/Documents/GitHub/human_patterns_exploration/data/images/2unexp.jpg,2,/Users/162191/Documents/GitHub/human_patterns_exploration/outputs/masks_gaze_driven/best/IMG_2_unexp_Part_60_MASK_2_circle_0.6287.png,656,776,391,467,circle,736.1,447.8,Bowl,Bowl,Bowl,Bowl,Bowl,Bowl,Bowl,Bowl,Bowl,Bowl,Bowl,"1. Scene Overview: 
   The image depicts a bright and airy living room with a minimalist and modern design. The room is predominantly white, with natural light streaming in through a large window. The decor includes a mix of contemporary and classic elements, creating a cozy and inviting atmosphere.

2. Identified Objects:
   - Sofa: A white sofa is positioned against the right wall, adorned with several cushions in various shades of white and gray.
   - Coffee Table: A white, foldable coffee table is placed in front of the sofa, holding a bowl of fruit and a small plant.
   - Armchair: A wooden armchair with a dark cushion is located near the window on the left side.
   - Window: A large window on the left wall allows natural light to illuminate the room.
   - Radiator: Positioned below the window.
   - Side Table: A wooden side table is on the left side of the room, holding a lamp and some books.
   - Lamp: A white lamp with a pleated shade is on the side table.
   - Chandelier: A decorative chandelier hangs from the ceiling, adding an elegant touch.
   - Wall Art: A piece of artwork depicting two hands is hung above the sofa.
   - Plants: Several potted plants are scattered around the room, including one on the coffee table and another near the armchair.
   - Rug: A white rug is placed on the floor in front of the sofa.
   - Books and Magazines: A stack of books and magazines is on the right side table."
60,2,/Users/162191/Documents/GitHub/human_patterns_exploration/data/images/2unexp.jpg,20,/Users/162191/Documents/GitHub/human_patterns_exploration/outputs/masks_gaze_driven/best/IMG_2_unexp_Part_60_MASK_20_cross_0.5845.png,0,20,408,444,cross,3.7,421.6,Packages,Packages,Packages,Packages,Packages,Packages,Packages,Packages,Packages,Packages,Packages,"1. Scene Overview: 
   The image depicts a bright and airy living room with a minimalist and modern design. The room is predominantly white, with natural light streaming in through a large window. The decor includes a mix of contemporary and classic elements, creating a cozy and inviting atmosphere.

2. Identified Objects:
   - Sofa: A white sofa is positioned against the right wall, adorned with several cushions in various shades of white and gray.
   - Coffee Table: A white, foldable coffee table is placed in front of the sofa, holding a bowl of fruit and a small plant.
   - Armchair: A wooden armchair with a dark cushion is located near the window on the left side.
   - Window: A large window on the left wall allows natural light to illuminate the room.
   - Radiator: Positioned below the window.
   - Side Table: A wooden side table is on the left side of the room, holding a lamp and some books.
   - Lamp: A white lamp with a pleated shade is on the side table.
   - Chandelier: A decorative chandelier hangs from the ceiling, adding an elegant touch.
   - Wall Art: A piece of artwork depicting two hands is hung above the sofa.
   - Plants: Several potted plants are scattered around the room, including one on the coffee table and another near the armchair.
   - Rug: A white rug is placed on the floor in front of the sofa.
   - Books and Magazines: A stack of books and magazines is on the right side table."
60,2,/Users/162191/Documents/GitHub/human_patterns_exploration/data/images/2unexp.jpg,5,/Users/162191/Documents/GitHub/human_patterns_exploration/outputs/masks_gaze_driven/best/IMG_2_unexp_Part_60_MASK_5_point_0.8381.png,734,799,298,415,point,770.8,343.9,Plant,Plant,Plant,Plant,Plant,Plant,Plant,Plant,Plant,Plant,Plant,"1. Scene Overview: 
   The image depicts a bright and airy living room with a minimalist and modern design. The room is predominantly white, with natural light streaming in through a large window. The decor includes a mix of contemporary and classic elements, creating a cozy and inviting atmosphere.

2. Identified Objects:
   - Sofa: A white sofa is positioned against the right wall, adorned with several cushions in various shades of white and gray.
   - Coffee Table: A white, foldable coffee table is placed in front of the sofa, holding a bowl of fruit and a small plant.
   - Armchair: A wooden armchair with a dark cushion is located near the window on the left side.
   - Window: A large window on the left wall allows natural light to illuminate the room.
   - Radiator: Positioned below the window.
   - Side Table: A wooden side table is on the left side of the room, holding a lamp and some books.
   - Lamp: A white lamp with a pleated shade is on the side table.
   - Chandelier: A decorative chandelier hangs from the ceiling, adding an elegant touch.
   - Wall Art: A piece of artwork depicting two hands is hung above the sofa.
   - Plants: Several potted plants are scattered around the room, including one on the coffee table and another near the armchair.
   - Rug: A white rug is placed on the floor in front of the sofa.
   - Books and Magazines: A stack of books and magazines is on the right side table."
60,2,/Users/162191/Documents/GitHub/human_patterns_exploration/data/images/2unexp.jpg,15,/Users/162191/Documents/GitHub/human_patterns_exploration/outputs/masks_gaze_driven/best/IMG_2_unexp_Part_60_MASK_15_circle_0.6456.png,754,777,360,397,circle,766.5,373.0,Pillow,Pillow,Pillow,Pillow,Pillow,Pillow,Pillow,Pillow,Pillow,Pillow,Pillow,"1. Scene Overview: 
   The image depicts a bright and airy living room with a minimalist and modern design. The room is predominantly white, with natural light streaming in through a large window. The decor includes a mix of contemporary and classic elements, creating a cozy and inviting atmosphere.

2. Identified Objects:
   - Sofa: A white sofa is positioned against the right wall, adorned with several cushions in various shades of white and gray.
   - Coffee Table: A white, foldable coffee table is placed in front of the sofa, holding a bowl of fruit and a small plant.
   - Armchair: A wooden armchair with a dark cushion is located near the window on the left side.
   - Window: A large window on the left wall allows natural light to illuminate the room.
   - Radiator: Positioned below the window.
   - Side Table: A wooden side table is on the left side of the room, holding a lamp and some books.
   - Lamp: A white lamp with a pleated shade is on the side table.
   - Chandelier: A decorative chandelier hangs from the ceiling, adding an elegant touch.
   - Wall Art: A piece of artwork depicting two hands is hung above the sofa.
   - Plants: Several potted plants are scattered around the room, including one on the coffee table and another near the armchair.
   - Rug: A white rug is placed on the floor in front of the sofa.
   - Books and Magazines: A stack of books and magazines is on the right side table."
60,2,/Users/162191/Documents/GitHub/human_patterns_exploration/data/images/2unexp.jpg,17,/Users/162191/Documents/GitHub/human_patterns_exploration/outputs/masks_gaze_driven/best/IMG_2_unexp_Part_60_MASK_17_circle_0.4816.png,719,799,214,559,circle,781.5,419.2,Lamp,Lamp,Lamp,Lamp,Lamp,Lamp,Lamp,Lamp,Lamp,Lamp,Lamp,"1. Scene Overview: 
   The image depicts a bright and airy living room with a minimalist and modern design. The room is predominantly white, with natural light streaming in through a large window. The decor includes a mix of contemporary and classic elements, creating a cozy and inviting atmosphere.

2. Identified Objects:
   - Sofa: A white sofa is positioned against the right wall, adorned with several cushions in various shades of white and gray.
   - Coffee Table: A white, foldable coffee table is placed in front of the sofa, holding a bowl of fruit and a small plant.
   - Armchair: A wooden armchair with a dark cushion is located near the window on the left side.
   - Window: A large window on the left wall allows natural light to illuminate the room.
   - Radiator: Positioned below the window.
   - Side Table: A wooden side table is on the left side of the room, holding a lamp and some books.
   - Lamp: A white lamp with a pleated shade is on the side table.
   - Chandelier: A decorative chandelier hangs from the ceiling, adding an elegant touch.
   - Wall Art: A piece of artwork depicting two hands is hung above the sofa.
   - Plants: Several potted plants are scattered around the room, including one on the coffee table and another near the armchair.
   - Rug: A white rug is placed on the floor in front of the sofa.
   - Books and Magazines: A stack of books and magazines is on the right side table."
60,2,/Users/162191/Documents/GitHub/human_patterns_exploration/data/images/2unexp.jpg,11,/Users/162191/Documents/GitHub/human_patterns_exploration/outputs/masks_gaze_driven/best/IMG_2_unexp_Part_60_MASK_11_point_0.7323.png,113,193,214,346,point,169.6,304.6,Lamp,Lamp,Lamp,Lamp,Lamp,Lamp,Lamp,Lamp,Lamp,Lamp,Lamp,"1. Scene Overview: 
   The image depicts a bright and airy living room with a minimalist and modern design. The room is predominantly white, with natural light streaming in through a large window. The decor includes a mix of contemporary and classic elements, creating a cozy and inviting atmosphere.

2. Identified Objects:
   - Sofa: A white sofa is positioned against the right wall, adorned with several cushions in various shades of white and gray.
   - Coffee Table: A white, foldable coffee table is placed in front of the sofa, holding a bowl of fruit and a small plant.
   - Armchair: A wooden armchair with a dark cushion is located near the window on the left side.
   - Window: A large window on the left wall allows natural light to illuminate the room.
   - Radiator: Positioned below the window.
   - Side Table: A wooden side table is on the left side of the room, holding a lamp and some books.
   - Lamp: A white lamp with a pleated shade is on the side table.
   - Chandelier: A decorative chandelier hangs from the ceiling, adding an elegant touch.
   - Wall Art: A piece of artwork depicting two hands is hung above the sofa.
   - Plants: Several potted plants are scattered around the room, including one on the coffee table and another near the armchair.
   - Rug: A white rug is placed on the floor in front of the sofa.
   - Books and Magazines: A stack of books and magazines is on the right side table."
60,2,/Users/162191/Documents/GitHub/human_patterns_exploration/data/images/2unexp.jpg,14,/Users/162191/Documents/GitHub/human_patterns_exploration/outputs/masks_gaze_driven/best/IMG_2_unexp_Part_60_MASK_14_point_0.8188.png,208,269,285,338,point,222.5,309.7,Giraffe,Giraffe,Giraffe,Giraffe,Giraffe,Giraffe,Giraffe,Giraffe,Giraffe,[Giraffe],Giraffe,"1. Scene Overview: 
   The image depicts a bright and airy living room with a minimalist and modern design. The room is predominantly white, with natural light streaming in through a large window. The decor includes a mix of contemporary and classic elements, creating a cozy and inviting atmosphere.

2. Identified Objects:
   - Sofa: A white sofa is positioned against the right wall, adorned with several cushions in various shades of white and gray.
   - Coffee Table: A white, foldable coffee table is placed in front of the sofa, holding a bowl of fruit and a small plant.
   - Armchair: A wooden armchair with a dark cushion is located near the window on the left side.
   - Window: A large window on the left wall allows natural light to illuminate the room.
   - Radiator: Positioned below the window.
   - Side Table: A wooden side table is on the left side of the room, holding a lamp and some books.
   - Lamp: A white lamp with a pleated shade is on the side table.
   - Chandelier: A decorative chandelier hangs from the ceiling, adding an elegant touch.
   - Wall Art: A piece of artwork depicting two hands is hung above the sofa.
   - Plants: Several potted plants are scattered around the room, including one on the coffee table and another near the armchair.
   - Rug: A white rug is placed on the floor in front of the sofa.
   - Books and Magazines: A stack of books and magazines is on the right side table."
67,2,/Users/162191/Documents/GitHub/human_patterns_exploration/data/images/2unexp.jpg,0,/Users/162191/Documents/GitHub/human_patterns_exploration/outputs/masks_gaze_driven/best/IMG_2_unexp_Part_67_MASK_0_circle_0.4964.png,0,29,370,430,circle,14.3,381.3,Book,Book,Book,Book,Book,Book,Poster,Book,Book,Poster,Book,"1. Scene Overview: 
   The image depicts a bright, modern living room with a predominantly white color scheme. The room is well-lit, likely due to natural light coming through a large window. The decor is minimalistic with a touch of elegance, featuring a mix of contemporary and classic elements.

2. Identified Objects:
   - Sofa: Positioned on the right side of the room, adorned with several cushions in white and dark colors.
   - Coffee Table: In front of the sofa, featuring a white lattice design, with a bowl of fruit and a vase with flowers on top.
   - Armchair: Located to the left of the sofa, near the window, with a dark cushion or cover.
   - Window: On the left wall, allowing natural light into the room.
   - Radiator: Below the window.
   - Side Table: To the left of the window, holding a lamp and some books.
   - Chandelier: Hanging from the ceiling, adding a classic touch to the room.
   - Wall Art: Above the sofa, depicting a famous artwork.
   - Plants: Several potted plants are placed around the room, adding greenery.
   - Floor Lamp: On the right side of the sofa, with a white lampshade.
   - Rug: A white rug is placed on the floor in front of the sofa.
   - Books and Magazines: On the side table and coffee table, adding to the decor."
67,2,/Users/162191/Documents/GitHub/human_patterns_exploration/data/images/2unexp.jpg,18,/Users/162191/Documents/GitHub/human_patterns_exploration/outputs/masks_gaze_driven/best/IMG_2_unexp_Part_67_MASK_18_point_0.9213.png,0,30,384,431,point,22.1,396.2,Poster,Poster,Poster,Poster,Poster,Poster,Poster,Poster,Poster,Poster,Poster,"1. Scene Overview: 
   The image depicts a bright, modern living room with a predominantly white color scheme. The room is well-lit, likely due to natural light coming through a large window. The decor is minimalistic with a touch of elegance, featuring a mix of contemporary and classic elements.

2. Identified Objects:
   - Sofa: Positioned on the right side of the room, adorned with several cushions in white and dark colors.
   - Coffee Table: In front of the sofa, featuring a white lattice design, with a bowl of fruit and a vase with flowers on top.
   - Armchair: Located to the left of the sofa, near the window, with a dark cushion or cover.
   - Window: On the left wall, allowing natural light into the room.
   - Radiator: Below the window.
   - Side Table: To the left of the window, holding a lamp and some books.
   - Chandelier: Hanging from the ceiling, adding a classic touch to the room.
   - Wall Art: Above the sofa, depicting a famous artwork.
   - Plants: Several potted plants are placed around the room, adding greenery.
   - Floor Lamp: On the right side of the sofa, with a white lampshade.
   - Rug: A white rug is placed on the floor in front of the sofa.
   - Books and Magazines: On the side table and coffee table, adding to the decor."
67,2,/Users/162191/Documents/GitHub/human_patterns_exploration/data/images/2unexp.jpg,2,/Users/162191/Documents/GitHub/human_patterns_exploration/outputs/masks_gaze_driven/best/IMG_2_unexp_Part_67_MASK_2_cross_0.4372.png,377,411,316,393,cross,389.3,368.6,Plant,Plant,Plant,Plant,Plant,Plant,Plant,Plant,Plant,Plant,Plant,"1. Scene Overview: 
   The image depicts a bright, modern living room with a predominantly white color scheme. The room is well-lit, likely due to natural light coming through a large window. The decor is minimalistic with a touch of elegance, featuring a mix of contemporary and classic elements.

2. Identified Objects:
   - Sofa: Positioned on the right side of the room, adorned with several cushions in white and dark colors.
   - Coffee Table: In front of the sofa, featuring a white lattice design, with a bowl of fruit and a vase with flowers on top.
   - Armchair: Located to the left of the sofa, near the window, with a dark cushion or cover.
   - Window: On the left wall, allowing natural light into the room.
   - Radiator: Below the window.
   - Side Table: To the left of the window, holding a lamp and some books.
   - Chandelier: Hanging from the ceiling, adding a classic touch to the room.
   - Wall Art: Above the sofa, depicting a famous artwork.
   - Plants: Several potted plants are placed around the room, adding greenery.
   - Floor Lamp: On the right side of the sofa, with a white lampshade.
   - Rug: A white rug is placed on the floor in front of the sofa.
   - Books and Magazines: On the side table and coffee table, adding to the decor."
67,2,/Users/162191/Documents/GitHub/human_patterns_exploration/data/images/2unexp.jpg,13,/Users/162191/Documents/GitHub/human_patterns_exploration/outputs/masks_gaze_driven/best/IMG_2_unexp_Part_67_MASK_13_point_0.9374.png,333,411,0,172,point,378.7,14.5,Chandelier,Chandelier,Chandelier,Chandelier,Chandelier,Chandelier,Chandelier,Chandelier,Chandelier,Chandelier,Chandelier,"1. Scene Overview: 
   The image depicts a bright, modern living room with a predominantly white color scheme. The room is well-lit, likely due to natural light coming through a large window. The decor is minimalistic with a touch of elegance, featuring a mix of contemporary and classic elements.

2. Identified Objects:
   - Sofa: Positioned on the right side of the room, adorned with several cushions in white and dark colors.
   - Coffee Table: In front of the sofa, featuring a white lattice design, with a bowl of fruit and a vase with flowers on top.
   - Armchair: Located to the left of the sofa, near the window, with a dark cushion or cover.
   - Window: On the left wall, allowing natural light into the room.
   - Radiator: Below the window.
   - Side Table: To the left of the window, holding a lamp and some books.
   - Chandelier: Hanging from the ceiling, adding a classic touch to the room.
   - Wall Art: Above the sofa, depicting a famous artwork.
   - Plants: Several potted plants are placed around the room, adding greenery.
   - Floor Lamp: On the right side of the sofa, with a white lampshade.
   - Rug: A white rug is placed on the floor in front of the sofa.
   - Books and Magazines: On the side table and coffee table, adding to the decor."
67,2,/Users/162191/Documents/GitHub/human_patterns_exploration/data/images/2unexp.jpg,17,/Users/162191/Documents/GitHub/human_patterns_exploration/outputs/masks_gaze_driven/best/IMG_2_unexp_Part_67_MASK_17_point_0.5992.png,34,67,325,432,point,58.9,385.3,Lamp,Lamp,Lamp,Lamp,Lamp,Lamp,Lamp,Lamp,Lamp,Lamp,Lamp,"1. Scene Overview: 
   The image depicts a bright, modern living room with a predominantly white color scheme. The room is well-lit, likely due to natural light coming through a large window. The decor is minimalistic with a touch of elegance, featuring a mix of contemporary and classic elements.

2. Identified Objects:
   - Sofa: Positioned on the right side of the room, adorned with several cushions in white and dark colors.
   - Coffee Table: In front of the sofa, featuring a white lattice design, with a bowl of fruit and a vase with flowers on top.
   - Armchair: Located to the left of the sofa, near the window, with a dark cushion or cover.
   - Window: On the left wall, allowing natural light into the room.
   - Radiator: Below the window.
   - Side Table: To the left of the window, holding a lamp and some books.
   - Chandelier: Hanging from the ceiling, adding a classic touch to the room.
   - Wall Art: Above the sofa, depicting a famous artwork.
   - Plants: Several potted plants are placed around the room, adding greenery.
   - Floor Lamp: On the right side of the sofa, with a white lampshade.
   - Rug: A white rug is placed on the floor in front of the sofa.
   - Books and Magazines: On the side table and coffee table, adding to the decor."
67,2,/Users/162191/Documents/GitHub/human_patterns_exploration/data/images/2unexp.jpg,4,/Users/162191/Documents/GitHub/human_patterns_exploration/outputs/masks_gaze_driven/best/IMG_2_unexp_Part_67_MASK_4_triangle_0.9024.png,444,481,346,390,triangle,458.4,374.1,Iceberg,Iceberg,Iceberg,Iceberg,Iceberg,Iceberg,Iceberg,Iceberg,Iceberg,Iceberg,Iceberg,"1. Scene Overview: 
   The image depicts a bright, modern living room with a predominantly white color scheme. The room is well-lit, likely due to natural light coming through a large window. The decor is minimalistic with a touch of elegance, featuring a mix of contemporary and classic elements.

2. Identified Objects:
   - Sofa: Positioned on the right side of the room, adorned with several cushions in white and dark colors.
   - Coffee Table: In front of the sofa, featuring a white lattice design, with a bowl of fruit and a vase with flowers on top.
   - Armchair: Located to the left of the sofa, near the window, with a dark cushion or cover.
   - Window: On the left wall, allowing natural light into the room.
   - Radiator: Below the window.
   - Side Table: To the left of the window, holding a lamp and some books.
   - Chandelier: Hanging from the ceiling, adding a classic touch to the room.
   - Wall Art: Above the sofa, depicting a famous artwork.
   - Plants: Several potted plants are placed around the room, adding greenery.
   - Floor Lamp: On the right side of the sofa, with a white lampshade.
   - Rug: A white rug is placed on the floor in front of the sofa.
   - Books and Magazines: On the side table and coffee table, adding to the decor."
67,2,/Users/162191/Documents/GitHub/human_patterns_exploration/data/images/2unexp.jpg,14,/Users/162191/Documents/GitHub/human_patterns_exploration/outputs/masks_gaze_driven/best/IMG_2_unexp_Part_67_MASK_14_point_0.8363.png,351,371,0,10,point,370.3,5.5,Steak,Steak,Steak,Steak,Steak,Steak,Steak,Steak,Steak,Steak,Steak,"1. Scene Overview: 
   The image depicts a bright, modern living room with a predominantly white color scheme. The room is well-lit, likely due to natural light coming through a large window. The decor is minimalistic with a touch of elegance, featuring a mix of contemporary and classic elements.

2. Identified Objects:
   - Sofa: Positioned on the right side of the room, adorned with several cushions in white and dark colors.
   - Coffee Table: In front of the sofa, featuring a white lattice design, with a bowl of fruit and a vase with flowers on top.
   - Armchair: Located to the left of the sofa, near the window, with a dark cushion or cover.
   - Window: On the left wall, allowing natural light into the room.
   - Radiator: Below the window.
   - Side Table: To the left of the window, holding a lamp and some books.
   - Chandelier: Hanging from the ceiling, adding a classic touch to the room.
   - Wall Art: Above the sofa, depicting a famous artwork.
   - Plants: Several potted plants are placed around the room, adding greenery.
   - Floor Lamp: On the right side of the sofa, with a white lampshade.
   - Rug: A white rug is placed on the floor in front of the sofa.
   - Books and Magazines: On the side table and coffee table, adding to the decor."
67,2,/Users/162191/Documents/GitHub/human_patterns_exploration/data/images/2unexp.jpg,6,/Users/162191/Documents/GitHub/human_patterns_exploration/outputs/masks_gaze_driven/best/IMG_2_unexp_Part_67_MASK_6_triangle_0.8567.png,657,799,543,599,triangle,685.9,566.2,Table,Table,Table,Table,Table,Table,Table,Table,Table,Table,Table,"1. Scene Overview: 
   The image depicts a bright, modern living room with a predominantly white color scheme. The room is well-lit, likely due to natural light coming through a large window. The decor is minimalistic with a touch of elegance, featuring a mix of contemporary and classic elements.

2. Identified Objects:
   - Sofa: Positioned on the right side of the room, adorned with several cushions in white and dark colors.
   - Coffee Table: In front of the sofa, featuring a white lattice design, with a bowl of fruit and a vase with flowers on top.
   - Armchair: Located to the left of the sofa, near the window, with a dark cushion or cover.
   - Window: On the left wall, allowing natural light into the room.
   - Radiator: Below the window.
   - Side Table: To the left of the window, holding a lamp and some books.
   - Chandelier: Hanging from the ceiling, adding a classic touch to the room.
   - Wall Art: Above the sofa, depicting a famous artwork.
   - Plants: Several potted plants are placed around the room, adding greenery.
   - Floor Lamp: On the right side of the sofa, with a white lampshade.
   - Rug: A white rug is placed on the floor in front of the sofa.
   - Books and Magazines: On the side table and coffee table, adding to the decor."
67,2,/Users/162191/Documents/GitHub/human_patterns_exploration/data/images/2unexp.jpg,19,/Users/162191/Documents/GitHub/human_patterns_exploration/outputs/masks_gaze_driven/best/IMG_2_unexp_Part_67_MASK_19_point_0.8483.png,175,269,285,338,point,220.1,295.8,[Giraffe],[Giraffe],[Giraffe],[Giraffe],[Column],[Giraffe],[Giraffe],[Giraffe],[Giraffe],[Column],[Giraffe],"1. Scene Overview: 
   The image depicts a bright, modern living room with a predominantly white color scheme. The room is well-lit, likely due to natural light coming through a large window. The decor is minimalistic with a touch of elegance, featuring a mix of contemporary and classic elements.

2. Identified Objects:
   - Sofa: Positioned on the right side of the room, adorned with several cushions in white and dark colors.
   - Coffee Table: In front of the sofa, featuring a white lattice design, with a bowl of fruit and a vase with flowers on top.
   - Armchair: Located to the left of the sofa, near the window, with a dark cushion or cover.
   - Window: On the left wall, allowing natural light into the room.
   - Radiator: Below the window.
   - Side Table: To the left of the window, holding a lamp and some books.
   - Chandelier: Hanging from the ceiling, adding a classic touch to the room.
   - Wall Art: Above the sofa, depicting a famous artwork.
   - Plants: Several potted plants are placed around the room, adding greenery.
   - Floor Lamp: On the right side of the sofa, with a white lampshade.
   - Rug: A white rug is placed on the floor in front of the sofa.
   - Books and Magazines: On the side table and coffee table, adding to the decor."
67,2,/Users/162191/Documents/GitHub/human_patterns_exploration/data/images/2unexp.jpg,1,/Users/162191/Documents/GitHub/human_patterns_exploration/outputs/masks_gaze_driven/best/IMG_2_unexp_Part_67_MASK_1_cross_0.7414.png,661,714,413,468,cross,693.9,445.2,Pillow,Pillow,Pillow,Pillow,Pillow,Pillow,Pillow,Pillow,Pillow,Pillow,Pillow,"1. Scene Overview: 
   The image depicts a bright, modern living room with a predominantly white color scheme. The room is well-lit, likely due to natural light coming through a large window. The decor is minimalistic with a touch of elegance, featuring a mix of contemporary and classic elements.

2. Identified Objects:
   - Sofa: Positioned on the right side of the room, adorned with several cushions in white and dark colors.
   - Coffee Table: In front of the sofa, featuring a white lattice design, with a bowl of fruit and a vase with flowers on top.
   - Armchair: Located to the left of the sofa, near the window, with a dark cushion or cover.
   - Window: On the left wall, allowing natural light into the room.
   - Radiator: Below the window.
   - Side Table: To the left of the window, holding a lamp and some books.
   - Chandelier: Hanging from the ceiling, adding a classic touch to the room.
   - Wall Art: Above the sofa, depicting a famous artwork.
   - Plants: Several potted plants are placed around the room, adding greenery.
   - Floor Lamp: On the right side of the sofa, with a white lampshade.
   - Rug: A white rug is placed on the floor in front of the sofa.
   - Books and Magazines: On the side table and coffee table, adding to the decor."
67,2,/Users/162191/Documents/GitHub/human_patterns_exploration/data/images/2unexp.jpg,5,/Users/162191/Documents/GitHub/human_patterns_exploration/outputs/masks_gaze_driven/best/IMG_2_unexp_Part_67_MASK_5_triangle_0.8941.png,598,799,454,599,triangle,668.7,546.1,Magazines,Magazines,Magazines,Magazines,Magazines,Magazine,Magazines,Magazines,Magazines,Magazines,Magazines,"1. Scene Overview: 
   The image depicts a bright, modern living room with a predominantly white color scheme. The room is well-lit, likely due to natural light coming through a large window. The decor is minimalistic with a touch of elegance, featuring a mix of contemporary and classic elements.

2. Identified Objects:
   - Sofa: Positioned on the right side of the room, adorned with several cushions in white and dark colors.
   - Coffee Table: In front of the sofa, featuring a white lattice design, with a bowl of fruit and a vase with flowers on top.
   - Armchair: Located to the left of the sofa, near the window, with a dark cushion or cover.
   - Window: On the left wall, allowing natural light into the room.
   - Radiator: Below the window.
   - Side Table: To the left of the window, holding a lamp and some books.
   - Chandelier: Hanging from the ceiling, adding a classic touch to the room.
   - Wall Art: Above the sofa, depicting a famous artwork.
   - Plants: Several potted plants are placed around the room, adding greenery.
   - Floor Lamp: On the right side of the sofa, with a white lampshade.
   - Rug: A white rug is placed on the floor in front of the sofa.
   - Books and Magazines: On the side table and coffee table, adding to the decor."
67,2,/Users/162191/Documents/GitHub/human_patterns_exploration/data/images/2unexp.jpg,3,/Users/162191/Documents/GitHub/human_patterns_exploration/outputs/masks_gaze_driven/best/IMG_2_unexp_Part_67_MASK_3_point_0.8168.png,207,269,284,337,point,239.8,312.1,Giraffe,Giraffe,Giraffe,Giraffe,Giraffe,Giraffe,Camel,Giraffe,Camel,Giraffe,Giraffe,"1. Scene Overview: 
   The image depicts a bright, modern living room with a predominantly white color scheme. The room is well-lit, likely due to natural light coming through a large window. The decor is minimalistic with a touch of elegance, featuring a mix of contemporary and classic elements.

2. Identified Objects:
   - Sofa: Positioned on the right side of the room, adorned with several cushions in white and dark colors.
   - Coffee Table: In front of the sofa, featuring a white lattice design, with a bowl of fruit and a vase with flowers on top.
   - Armchair: Located to the left of the sofa, near the window, with a dark cushion or cover.
   - Window: On the left wall, allowing natural light into the room.
   - Radiator: Below the window.
   - Side Table: To the left of the window, holding a lamp and some books.
   - Chandelier: Hanging from the ceiling, adding a classic touch to the room.
   - Wall Art: Above the sofa, depicting a famous artwork.
   - Plants: Several potted plants are placed around the room, adding greenery.
   - Floor Lamp: On the right side of the sofa, with a white lampshade.
   - Rug: A white rug is placed on the floor in front of the sofa.
   - Books and Magazines: On the side table and coffee table, adding to the decor."
67,2,/Users/162191/Documents/GitHub/human_patterns_exploration/data/images/2unexp.jpg,16,/Users/162191/Documents/GitHub/human_patterns_exploration/outputs/masks_gaze_driven/best/IMG_2_unexp_Part_67_MASK_16_triangle_0.6748.png,208,269,284,338,triangle,228.6,317.8,[Giraffe],Llama,Llama,Llama,Llama,Camel,Camel,Camel,Camel,Camel,Camel,"1. Scene Overview: 
   The image depicts a bright, modern living room with a predominantly white color scheme. The room is well-lit, likely due to natural light coming through a large window. The decor is minimalistic with a touch of elegance, featuring a mix of contemporary and classic elements.

2. Identified Objects:
   - Sofa: Positioned on the right side of the room, adorned with several cushions in white and dark colors.
   - Coffee Table: In front of the sofa, featuring a white lattice design, with a bowl of fruit and a vase with flowers on top.
   - Armchair: Located to the left of the sofa, near the window, with a dark cushion or cover.
   - Window: On the left wall, allowing natural light into the room.
   - Radiator: Below the window.
   - Side Table: To the left of the window, holding a lamp and some books.
   - Chandelier: Hanging from the ceiling, adding a classic touch to the room.
   - Wall Art: Above the sofa, depicting a famous artwork.
   - Plants: Several potted plants are placed around the room, adding greenery.
   - Floor Lamp: On the right side of the sofa, with a white lampshade.
   - Rug: A white rug is placed on the floor in front of the sofa.
   - Books and Magazines: On the side table and coffee table, adding to the decor."
67,2,/Users/162191/Documents/GitHub/human_patterns_exploration/data/images/2unexp.jpg,11,/Users/162191/Documents/GitHub/human_patterns_exploration/outputs/masks_gaze_driven/best/IMG_2_unexp_Part_67_MASK_11_circle_0.7347.png,315,392,132,325,circle,352.3,199.7,Chandelier,Chandelier,Chandelier,Chandelier,Chandelier,Chandelier,Chandelier,Chandelier,Chandelier,Chandelier,Chandelier,"1. Scene Overview: 
   The image depicts a bright, modern living room with a predominantly white color scheme. The room is well-lit, likely due to natural light coming through a large window. The decor is minimalistic with a touch of elegance, featuring a mix of contemporary and classic elements.

2. Identified Objects:
   - Sofa: Positioned on the right side of the room, adorned with several cushions in white and dark colors.
   - Coffee Table: In front of the sofa, featuring a white lattice design, with a bowl of fruit and a vase with flowers on top.
   - Armchair: Located to the left of the sofa, near the window, with a dark cushion or cover.
   - Window: On the left wall, allowing natural light into the room.
   - Radiator: Below the window.
   - Side Table: To the left of the window, holding a lamp and some books.
   - Chandelier: Hanging from the ceiling, adding a classic touch to the room.
   - Wall Art: Above the sofa, depicting a famous artwork.
   - Plants: Several potted plants are placed around the room, adding greenery.
   - Floor Lamp: On the right side of the sofa, with a white lampshade.
   - Rug: A white rug is placed on the floor in front of the sofa.
   - Books and Magazines: On the side table and coffee table, adding to the decor."
67,2,/Users/162191/Documents/GitHub/human_patterns_exploration/data/images/2unexp.jpg,15,/Users/162191/Documents/GitHub/human_patterns_exploration/outputs/masks_gaze_driven/best/IMG_2_unexp_Part_67_MASK_15_point_0.7744.png,179,269,284,338,point,236.3,303.6,Giraffe,Giraffe,Giraffe,Giraffe,Giraffe,Giraffe,Giraffe,Giraffe,Giraffe,Giraffe,Giraffe,"1. Scene Overview: 
   The image depicts a bright, modern living room with a predominantly white color scheme. The room is well-lit, likely due to natural light coming through a large window. The decor is minimalistic with a touch of elegance, featuring a mix of contemporary and classic elements.

2. Identified Objects:
   - Sofa: Positioned on the right side of the room, adorned with several cushions in white and dark colors.
   - Coffee Table: In front of the sofa, featuring a white lattice design, with a bowl of fruit and a vase with flowers on top.
   - Armchair: Located to the left of the sofa, near the window, with a dark cushion or cover.
   - Window: On the left wall, allowing natural light into the room.
   - Radiator: Below the window.
   - Side Table: To the left of the window, holding a lamp and some books.
   - Chandelier: Hanging from the ceiling, adding a classic touch to the room.
   - Wall Art: Above the sofa, depicting a famous artwork.
   - Plants: Several potted plants are placed around the room, adding greenery.
   - Floor Lamp: On the right side of the sofa, with a white lampshade.
   - Rug: A white rug is placed on the floor in front of the sofa.
   - Books and Magazines: On the side table and coffee table, adding to the decor."
67,2,/Users/162191/Documents/GitHub/human_patterns_exploration/data/images/2unexp.jpg,7,/Users/162191/Documents/GitHub/human_patterns_exploration/outputs/masks_gaze_driven/best/IMG_2_unexp_Part_67_MASK_7_point_0.4365.png,563,777,392,472,point,720.8,461.4,Sofa,Sofa,Sofa,Sofa,Sofa,Sofa,Sofa,Sofa,Sofa,Sofa,Sofa,"1. Scene Overview: 
   The image depicts a bright, modern living room with a predominantly white color scheme. The room is well-lit, likely due to natural light coming through a large window. The decor is minimalistic with a touch of elegance, featuring a mix of contemporary and classic elements.

2. Identified Objects:
   - Sofa: Positioned on the right side of the room, adorned with several cushions in white and dark colors.
   - Coffee Table: In front of the sofa, featuring a white lattice design, with a bowl of fruit and a vase with flowers on top.
   - Armchair: Located to the left of the sofa, near the window, with a dark cushion or cover.
   - Window: On the left wall, allowing natural light into the room.
   - Radiator: Below the window.
   - Side Table: To the left of the window, holding a lamp and some books.
   - Chandelier: Hanging from the ceiling, adding a classic touch to the room.
   - Wall Art: Above the sofa, depicting a famous artwork.
   - Plants: Several potted plants are placed around the room, adding greenery.
   - Floor Lamp: On the right side of the sofa, with a white lampshade.
   - Rug: A white rug is placed on the floor in front of the sofa.
   - Books and Magazines: On the side table and coffee table, adding to the decor."
67,2,/Users/162191/Documents/GitHub/human_patterns_exploration/data/images/2unexp.jpg,9,/Users/162191/Documents/GitHub/human_patterns_exploration/outputs/masks_gaze_driven/best/IMG_2_unexp_Part_67_MASK_9_triangle_0.5004.png,754,799,366,420,triangle,782.7,407.1,[Bear],[Bear],[Bear],[Bear],[Bear],[Bear],[Bear],[Bear],[Bear],[Bear],[Bear],"1. Scene Overview: 
   The image depicts a bright, modern living room with a predominantly white color scheme. The room is well-lit, likely due to natural light coming through a large window. The decor is minimalistic with a touch of elegance, featuring a mix of contemporary and classic elements.

2. Identified Objects:
   - Sofa: Positioned on the right side of the room, adorned with several cushions in white and dark colors.
   - Coffee Table: In front of the sofa, featuring a white lattice design, with a bowl of fruit and a vase with flowers on top.
   - Armchair: Located to the left of the sofa, near the window, with a dark cushion or cover.
   - Window: On the left wall, allowing natural light into the room.
   - Radiator: Below the window.
   - Side Table: To the left of the window, holding a lamp and some books.
   - Chandelier: Hanging from the ceiling, adding a classic touch to the room.
   - Wall Art: Above the sofa, depicting a famous artwork.
   - Plants: Several potted plants are placed around the room, adding greenery.
   - Floor Lamp: On the right side of the sofa, with a white lampshade.
   - Rug: A white rug is placed on the floor in front of the sofa.
   - Books and Magazines: On the side table and coffee table, adding to the decor."
67,2,/Users/162191/Documents/GitHub/human_patterns_exploration/data/images/2unexp.jpg,10,/Users/162191/Documents/GitHub/human_patterns_exploration/outputs/masks_gaze_driven/best/IMG_2_unexp_Part_67_MASK_10_point_0.9516.png,504,685,207,300,point,636.3,283.1,Hands,Hands,Hands,Hands,Hands,Hands,Hands,Hands,Hands,Hands,Hands,"1. Scene Overview: 
   The image depicts a bright, modern living room with a predominantly white color scheme. The room is well-lit, likely due to natural light coming through a large window. The decor is minimalistic with a touch of elegance, featuring a mix of contemporary and classic elements.

2. Identified Objects:
   - Sofa: Positioned on the right side of the room, adorned with several cushions in white and dark colors.
   - Coffee Table: In front of the sofa, featuring a white lattice design, with a bowl of fruit and a vase with flowers on top.
   - Armchair: Located to the left of the sofa, near the window, with a dark cushion or cover.
   - Window: On the left wall, allowing natural light into the room.
   - Radiator: Below the window.
   - Side Table: To the left of the window, holding a lamp and some books.
   - Chandelier: Hanging from the ceiling, adding a classic touch to the room.
   - Wall Art: Above the sofa, depicting a famous artwork.
   - Plants: Several potted plants are placed around the room, adding greenery.
   - Floor Lamp: On the right side of the sofa, with a white lampshade.
   - Rug: A white rug is placed on the floor in front of the sofa.
   - Books and Magazines: On the side table and coffee table, adding to the decor."
67,2,/Users/162191/Documents/GitHub/human_patterns_exploration/data/images/2unexp.jpg,8,/Users/162191/Documents/GitHub/human_patterns_exploration/outputs/masks_gaze_driven/best/IMG_2_unexp_Part_67_MASK_8_cross_0.6180.png,676,777,390,458,cross,759.3,401.0,Bowl,Bowl,Bowl,Bowl,Bowl,Bowl,Bowl,Bowl,Bowl,Bowl,Bowl,"1. Scene Overview: 
   The image depicts a bright, modern living room with a predominantly white color scheme. The room is well-lit, likely due to natural light coming through a large window. The decor is minimalistic with a touch of elegance, featuring a mix of contemporary and classic elements.

2. Identified Objects:
   - Sofa: Positioned on the right side of the room, adorned with several cushions in white and dark colors.
   - Coffee Table: In front of the sofa, featuring a white lattice design, with a bowl of fruit and a vase with flowers on top.
   - Armchair: Located to the left of the sofa, near the window, with a dark cushion or cover.
   - Window: On the left wall, allowing natural light into the room.
   - Radiator: Below the window.
   - Side Table: To the left of the window, holding a lamp and some books.
   - Chandelier: Hanging from the ceiling, adding a classic touch to the room.
   - Wall Art: Above the sofa, depicting a famous artwork.
   - Plants: Several potted plants are placed around the room, adding greenery.
   - Floor Lamp: On the right side of the sofa, with a white lampshade.
   - Rug: A white rug is placed on the floor in front of the sofa.
   - Books and Magazines: On the side table and coffee table, adding to the decor."
67,2,/Users/162191/Documents/GitHub/human_patterns_exploration/data/images/2unexp.jpg,12,/Users/162191/Documents/GitHub/human_patterns_exploration/outputs/masks_gaze_driven/best/IMG_2_unexp_Part_67_MASK_12_point_0.9085.png,332,411,0,173,point,383.4,104.7,Chandelier,Chandelier,Chandelier,Chandelier,Chandelier,Chandelier,Chandelier,Chandelier,Chandelier,Chandelier,Chandelier,"1. Scene Overview: 
   The image depicts a bright, modern living room with a predominantly white color scheme. The room is well-lit, likely due to natural light coming through a large window. The decor is minimalistic with a touch of elegance, featuring a mix of contemporary and classic elements.

2. Identified Objects:
   - Sofa: Positioned on the right side of the room, adorned with several cushions in white and dark colors.
   - Coffee Table: In front of the sofa, featuring a white lattice design, with a bowl of fruit and a vase with flowers on top.
   - Armchair: Located to the left of the sofa, near the window, with a dark cushion or cover.
   - Window: On the left wall, allowing natural light into the room.
   - Radiator: Below the window.
   - Side Table: To the left of the window, holding a lamp and some books.
   - Chandelier: Hanging from the ceiling, adding a classic touch to the room.
   - Wall Art: Above the sofa, depicting a famous artwork.
   - Plants: Several potted plants are placed around the room, adding greenery.
   - Floor Lamp: On the right side of the sofa, with a white lampshade.
   - Rug: A white rug is placed on the floor in front of the sofa.
   - Books and Magazines: On the side table and coffee table, adding to the decor."
67,2,/Users/162191/Documents/GitHub/human_patterns_exploration/data/images/2unexp.jpg,21,/Users/162191/Documents/GitHub/human_patterns_exploration/outputs/masks_gaze_driven/best/IMG_2_unexp_Part_67_MASK_21_triangle_0.2429.png,175,269,283,338,triangle,200.6,310.3,Faucet,Faucet,Faucet,Faucet,Faucet,Faucet,Faucet,Faucet,Faucet,Faucet,Faucet,"1. Scene Overview: 
   The image depicts a bright, modern living room with a predominantly white color scheme. The room is well-lit, likely due to natural light coming through a large window. The decor is minimalistic with a touch of elegance, featuring a mix of contemporary and classic elements.

2. Identified Objects:
   - Sofa: Positioned on the right side of the room, adorned with several cushions in white and dark colors.
   - Coffee Table: In front of the sofa, featuring a white lattice design, with a bowl of fruit and a vase with flowers on top.
   - Armchair: Located to the left of the sofa, near the window, with a dark cushion or cover.
   - Window: On the left wall, allowing natural light into the room.
   - Radiator: Below the window.
   - Side Table: To the left of the window, holding a lamp and some books.
   - Chandelier: Hanging from the ceiling, adding a classic touch to the room.
   - Wall Art: Above the sofa, depicting a famous artwork.
   - Plants: Several potted plants are placed around the room, adding greenery.
   - Floor Lamp: On the right side of the sofa, with a white lampshade.
   - Rug: A white rug is placed on the floor in front of the sofa.
   - Books and Magazines: On the side table and coffee table, adding to the decor."
67,2,/Users/162191/Documents/GitHub/human_patterns_exploration/data/images/2unexp.jpg,20,/Users/162191/Documents/GitHub/human_patterns_exploration/outputs/masks_gaze_driven/best/IMG_2_unexp_Part_67_MASK_20_triangle_0.7421.png,208,269,285,337,triangle,233.0,306.9,Llama,Camel,Camel,Llama,Llama,Camel,Llama,Llama,Camel,Llama,Llama,"1. Scene Overview: 
   The image depicts a bright, modern living room with a predominantly white color scheme. The room is well-lit, likely due to natural light coming through a large window. The decor is minimalistic with a touch of elegance, featuring a mix of contemporary and classic elements.

2. Identified Objects:
   - Sofa: Positioned on the right side of the room, adorned with several cushions in white and dark colors.
   - Coffee Table: In front of the sofa, featuring a white lattice design, with a bowl of fruit and a vase with flowers on top.
   - Armchair: Located to the left of the sofa, near the window, with a dark cushion or cover.
   - Window: On the left wall, allowing natural light into the room.
   - Radiator: Below the window.
   - Side Table: To the left of the window, holding a lamp and some books.
   - Chandelier: Hanging from the ceiling, adding a classic touch to the room.
   - Wall Art: Above the sofa, depicting a famous artwork.
   - Plants: Several potted plants are placed around the room, adding greenery.
   - Floor Lamp: On the right side of the sofa, with a white lampshade.
   - Rug: A white rug is placed on the floor in front of the sofa.
   - Books and Magazines: On the side table and coffee table, adding to the decor."
69,2,/Users/162191/Documents/GitHub/human_patterns_exploration/data/images/2unexp.jpg,0,/Users/162191/Documents/GitHub/human_patterns_exploration/outputs/masks_gaze_driven/best/IMG_2_unexp_Part_69_MASK_0_triangle_0.7294.png,36,82,329,435,triangle,45.2,433.6,Lamp,Lamp,Lamp,Lamp,Lamp,Lamp,Lamp,Lamp,Lamp,Lamp,Lamp,"1. Scene Overview: 
   The image depicts a bright and airy living room with a minimalist and modern design. The room is predominantly white, creating a clean and spacious feel. Natural light floods in through a large window, enhancing the room's brightness.

2. Identified Objects:
   - Sofa: Positioned on the right side of the room, covered with white cushions and a few darker throw pillows.
   - Coffee Table: In front of the sofa, featuring a white lattice design, with a bowl of fruit and a small plant on top.
   - Armchair: Located near the window, with a dark cushion or cover.
   - Window: On the left side, allowing natural light into the room.
   - Radiator: Below the window.
   - Side Table: To the left, with a lamp and a few books or magazines.
   - Chandelier: Hanging from the ceiling, adding an elegant touch.
   - Wall Art: Above the sofa, depicting a famous artwork.
   - Plants: Several potted plants are placed around the room, adding greenery.
   - Floor Lamp: On the right side, with a white lampshade.
   - Rug: A white rug is placed on the floor in front of the sofa.
   - Books/Magazines: On the side table and possibly on the coffee table."
69,2,/Users/162191/Documents/GitHub/human_patterns_exploration/data/images/2unexp.jpg,2,/Users/162191/Documents/GitHub/human_patterns_exploration/outputs/masks_gaze_driven/best/IMG_2_unexp_Part_69_MASK_2_triangle_0.6549.png,208,269,284,338,triangle,225.6,321.7,Llama,Llama,Llama,Camel,Llama,Llama,Llama,Llama,Camel,Camel,Llama,"1. Scene Overview: 
   The image depicts a bright and airy living room with a minimalist and modern design. The room is predominantly white, creating a clean and spacious feel. Natural light floods in through a large window, enhancing the room's brightness.

2. Identified Objects:
   - Sofa: Positioned on the right side of the room, covered with white cushions and a few darker throw pillows.
   - Coffee Table: In front of the sofa, featuring a white lattice design, with a bowl of fruit and a small plant on top.
   - Armchair: Located near the window, with a dark cushion or cover.
   - Window: On the left side, allowing natural light into the room.
   - Radiator: Below the window.
   - Side Table: To the left, with a lamp and a few books or magazines.
   - Chandelier: Hanging from the ceiling, adding an elegant touch.
   - Wall Art: Above the sofa, depicting a famous artwork.
   - Plants: Several potted plants are placed around the room, adding greenery.
   - Floor Lamp: On the right side, with a white lampshade.
   - Rug: A white rug is placed on the floor in front of the sofa.
   - Books/Magazines: On the side table and possibly on the coffee table."
69,2,/Users/162191/Documents/GitHub/human_patterns_exploration/data/images/2unexp.jpg,1,/Users/162191/Documents/GitHub/human_patterns_exploration/outputs/masks_gaze_driven/best/IMG_2_unexp_Part_69_MASK_1_point_0.6660.png,196,207,346,359,point,202.0,358.2,Paper,[Envelope],Paper,Paper,[Envelope],Paper,Paper,[Envelope],[Envelope],Paper,Paper,"1. Scene Overview: 
   The image depicts a bright and airy living room with a minimalist and modern design. The room is predominantly white, creating a clean and spacious feel. Natural light floods in through a large window, enhancing the room's brightness.

2. Identified Objects:
   - Sofa: Positioned on the right side of the room, covered with white cushions and a few darker throw pillows.
   - Coffee Table: In front of the sofa, featuring a white lattice design, with a bowl of fruit and a small plant on top.
   - Armchair: Located near the window, with a dark cushion or cover.
   - Window: On the left side, allowing natural light into the room.
   - Radiator: Below the window.
   - Side Table: To the left, with a lamp and a few books or magazines.
   - Chandelier: Hanging from the ceiling, adding an elegant touch.
   - Wall Art: Above the sofa, depicting a famous artwork.
   - Plants: Several potted plants are placed around the room, adding greenery.
   - Floor Lamp: On the right side, with a white lampshade.
   - Rug: A white rug is placed on the floor in front of the sofa.
   - Books/Magazines: On the side table and possibly on the coffee table."
69,2,/Users/162191/Documents/GitHub/human_patterns_exploration/data/images/2unexp.jpg,0,/Users/162191/Documents/GitHub/human_patterns_exploration/outputs/masks_gaze_driven/best/IMG_2_unexp_Part_69_MASK_0_triangle_0.7294.png,36,82,329,435,triangle,45.2,433.6,Lamp,Lamp,Lamp,Lamp,Lamp,Lamp,Lamp,Lamp,Lamp,Lamp,Lamp,"1. Scene Overview: 
   The image depicts a bright and airy living room with a minimalist and modern design. The room is predominantly white, creating a clean and spacious feel. Natural light floods the space through a large window, enhancing the room's brightness.

2. Identified Objects:
   - Sofa: Positioned on the right side, a white sofa with several cushions in different shades.
   - Coffee Table: In front of the sofa, a white, foldable coffee table with a fruit bowl on top.
   - Fruit Bowl: On the coffee table, containing various fruits.
   - Armchair: To the left of the sofa, a wooden armchair with a dark cushion.
   - Window: On the left wall, allowing natural light into the room.
   - Radiator: Below the window.
   - Plant: Near the armchair, adding a touch of greenery.
   - Wall Art: Above the sofa, a painting or print depicting two hands reaching towards each other.
   - Chandelier: Hanging from the ceiling, adding an elegant touch.
   - Side Table: On the far left, with a lamp and books on top.
   - Lamp: On the side table, with a white shade.
   - Books: Stacked on the side table.
   - Floor Lamp: On the right side, with a white shade.
   - Rug: A white rug on the floor in front of the sofa.
   - Additional Plant: On the right side, near the floor lamp, adding more greenery."
69,2,/Users/162191/Documents/GitHub/human_patterns_exploration/data/images/2unexp.jpg,2,/Users/162191/Documents/GitHub/human_patterns_exploration/outputs/masks_gaze_driven/best/IMG_2_unexp_Part_69_MASK_2_triangle_0.6549.png,208,269,284,338,triangle,225.6,321.7,Llama,Llama,Llama,Llama,Llama,Llama,Llama,Llama,Llama,Llama,Llama,"1. Scene Overview: 
   The image depicts a bright and airy living room with a minimalist and modern design. The room is predominantly white, creating a clean and spacious feel. Natural light floods the space through a large window, enhancing the room's brightness.

2. Identified Objects:
   - Sofa: Positioned on the right side, a white sofa with several cushions in different shades.
   - Coffee Table: In front of the sofa, a white, foldable coffee table with a fruit bowl on top.
   - Fruit Bowl: On the coffee table, containing various fruits.
   - Armchair: To the left of the sofa, a wooden armchair with a dark cushion.
   - Window: On the left wall, allowing natural light into the room.
   - Radiator: Below the window.
   - Plant: Near the armchair, adding a touch of greenery.
   - Wall Art: Above the sofa, a painting or print depicting two hands reaching towards each other.
   - Chandelier: Hanging from the ceiling, adding an elegant touch.
   - Side Table: On the far left, with a lamp and books on top.
   - Lamp: On the side table, with a white shade.
   - Books: Stacked on the side table.
   - Floor Lamp: On the right side, with a white shade.
   - Rug: A white rug on the floor in front of the sofa.
   - Additional Plant: On the right side, near the floor lamp, adding more greenery."
69,2,/Users/162191/Documents/GitHub/human_patterns_exploration/data/images/2unexp.jpg,1,/Users/162191/Documents/GitHub/human_patterns_exploration/outputs/masks_gaze_driven/best/IMG_2_unexp_Part_69_MASK_1_point_0.6660.png,196,207,346,359,point,202.0,358.2,[Envelope],Paper,[Envelope],[Envelope],Paper,[Envelope],Paper,Paper,[Envelope],Paper,[Envelope],"1. Scene Overview: 
   The image depicts a bright and airy living room with a minimalist and modern design. The room is predominantly white, creating a clean and spacious feel. Natural light floods the space through a large window, enhancing the room's brightness.

2. Identified Objects:
   - Sofa: Positioned on the right side, a white sofa with several cushions in different shades.
   - Coffee Table: In front of the sofa, a white, foldable coffee table with a fruit bowl on top.
   - Fruit Bowl: On the coffee table, containing various fruits.
   - Armchair: To the left of the sofa, a wooden armchair with a dark cushion.
   - Window: On the left wall, allowing natural light into the room.
   - Radiator: Below the window.
   - Plant: Near the armchair, adding a touch of greenery.
   - Wall Art: Above the sofa, a painting or print depicting two hands reaching towards each other.
   - Chandelier: Hanging from the ceiling, adding an elegant touch.
   - Side Table: On the far left, with a lamp and books on top.
   - Lamp: On the side table, with a white shade.
   - Books: Stacked on the side table.
   - Floor Lamp: On the right side, with a white shade.
   - Rug: A white rug on the floor in front of the sofa.
   - Additional Plant: On the right side, near the floor lamp, adding more greenery."
73,2,/Users/162191/Documents/GitHub/human_patterns_exploration/data/images/2unexp.jpg,3,/Users/162191/Documents/GitHub/human_patterns_exploration/outputs/masks_gaze_driven/best/IMG_2_unexp_Part_73_MASK_3_triangle_0.8530.png,208,269,285,337,triangle,219.4,302.8,Camel,Camel,Llama,Llama,Llama,Llama,Llama,Llama,Llama,Llama,Llama,"1. Scene Overview: 
   - The image depicts a bright and airy living room with a predominantly white color scheme. The room is well-lit, likely due to natural light coming through a large window. The decor is minimalistic with a touch of elegance, featuring a mix of modern and classic elements.

2. Identified Objects:
   - Sofa: A white sofa is positioned against the right wall, adorned with several cushions in various shades of white and gray.
   - Coffee Table: In front of the sofa, there is a white coffee table with a lattice design, holding a bowl of fruit and a vase with flowers.
   - Painting: Above the sofa, a painting depicting two hands reaching towards each other is mounted on the wall.
   - Chandelier: A decorative chandelier hangs from the ceiling, adding a touch of elegance to the room.
   - Window: A large window on the left side of the room allows natural light to flood in. It has a white frame and a radiator beneath it.
   - Chair: A wooden chair with a dark cushion is placed near the window.
   - Plants: There are several potted plants, one near the chair and another on the right side of the room, adding greenery to the space.
   - Side Tables: Two wooden side tables are present, one on the left with a lamp and books, and another on the right with a lamp and magazines.
   - Rug: A white rug is laid out on the floor in front of the sofa and coffee table.
   - Lamps: Two lamps are visible, one on each side table, providing additional lighting options."
73,2,/Users/162191/Documents/GitHub/human_patterns_exploration/data/images/2unexp.jpg,2,/Users/162191/Documents/GitHub/human_patterns_exploration/outputs/masks_gaze_driven/best/IMG_2_unexp_Part_73_MASK_2_cross_0.4430.png,268,313,144,350,cross,288.2,334.0,Window,Window,Window,Window,Window,Window,Window,Window,Window,Window,Window,"1. Scene Overview: 
   - The image depicts a bright and airy living room with a predominantly white color scheme. The room is well-lit, likely due to natural light coming through a large window. The decor is minimalistic with a touch of elegance, featuring a mix of modern and classic elements.

2. Identified Objects:
   - Sofa: A white sofa is positioned against the right wall, adorned with several cushions in various shades of white and gray.
   - Coffee Table: In front of the sofa, there is a white coffee table with a lattice design, holding a bowl of fruit and a vase with flowers.
   - Painting: Above the sofa, a painting depicting two hands reaching towards each other is mounted on the wall.
   - Chandelier: A decorative chandelier hangs from the ceiling, adding a touch of elegance to the room.
   - Window: A large window on the left side of the room allows natural light to flood in. It has a white frame and a radiator beneath it.
   - Chair: A wooden chair with a dark cushion is placed near the window.
   - Plants: There are several potted plants, one near the chair and another on the right side of the room, adding greenery to the space.
   - Side Tables: Two wooden side tables are present, one on the left with a lamp and books, and another on the right with a lamp and magazines.
   - Rug: A white rug is laid out on the floor in front of the sofa and coffee table.
   - Lamps: Two lamps are visible, one on each side table, providing additional lighting options."
73,2,/Users/162191/Documents/GitHub/human_patterns_exploration/data/images/2unexp.jpg,1,/Users/162191/Documents/GitHub/human_patterns_exploration/outputs/masks_gaze_driven/best/IMG_2_unexp_Part_73_MASK_1_triangle_0.9047.png,444,481,346,391,triangle,464.1,380.4,[Rock],[Rock],Rock,[Rock],Rock,Bark,[Rock],[Rock],Bark,Bark,[Rock],"1. Scene Overview: 
   - The image depicts a bright and airy living room with a predominantly white color scheme. The room is well-lit, likely due to natural light coming through a large window. The decor is minimalistic with a touch of elegance, featuring a mix of modern and classic elements.

2. Identified Objects:
   - Sofa: A white sofa is positioned against the right wall, adorned with several cushions in various shades of white and gray.
   - Coffee Table: In front of the sofa, there is a white coffee table with a lattice design, holding a bowl of fruit and a vase with flowers.
   - Painting: Above the sofa, a painting depicting two hands reaching towards each other is mounted on the wall.
   - Chandelier: A decorative chandelier hangs from the ceiling, adding a touch of elegance to the room.
   - Window: A large window on the left side of the room allows natural light to flood in. It has a white frame and a radiator beneath it.
   - Chair: A wooden chair with a dark cushion is placed near the window.
   - Plants: There are several potted plants, one near the chair and another on the right side of the room, adding greenery to the space.
   - Side Tables: Two wooden side tables are present, one on the left with a lamp and books, and another on the right with a lamp and magazines.
   - Rug: A white rug is laid out on the floor in front of the sofa and coffee table.
   - Lamps: Two lamps are visible, one on each side table, providing additional lighting options."
73,2,/Users/162191/Documents/GitHub/human_patterns_exploration/data/images/2unexp.jpg,4,/Users/162191/Documents/GitHub/human_patterns_exploration/outputs/masks_gaze_driven/best/IMG_2_unexp_Part_73_MASK_4_point_0.8454.png,175,269,285,338,point,217.8,293.9,[Giraffe],[Columns],[Giraffe],[Giraffe],[Giraffe],[Giraffe],[Giraffe],[Giraffe],[Giraffe],[Giraffe],[Giraffe],"1. Scene Overview: 
   - The image depicts a bright and airy living room with a predominantly white color scheme. The room is well-lit, likely due to natural light coming through a large window. The decor is minimalistic with a touch of elegance, featuring a mix of modern and classic elements.

2. Identified Objects:
   - Sofa: A white sofa is positioned against the right wall, adorned with several cushions in various shades of white and gray.
   - Coffee Table: In front of the sofa, there is a white coffee table with a lattice design, holding a bowl of fruit and a vase with flowers.
   - Painting: Above the sofa, a painting depicting two hands reaching towards each other is mounted on the wall.
   - Chandelier: A decorative chandelier hangs from the ceiling, adding a touch of elegance to the room.
   - Window: A large window on the left side of the room allows natural light to flood in. It has a white frame and a radiator beneath it.
   - Chair: A wooden chair with a dark cushion is placed near the window.
   - Plants: There are several potted plants, one near the chair and another on the right side of the room, adding greenery to the space.
   - Side Tables: Two wooden side tables are present, one on the left with a lamp and books, and another on the right with a lamp and magazines.
   - Rug: A white rug is laid out on the floor in front of the sofa and coffee table.
   - Lamps: Two lamps are visible, one on each side table, providing additional lighting options."
73,2,/Users/162191/Documents/GitHub/human_patterns_exploration/data/images/2unexp.jpg,0,/Users/162191/Documents/GitHub/human_patterns_exploration/outputs/masks_gaze_driven/best/IMG_2_unexp_Part_73_MASK_0_point_0.9328.png,622,677,351,428,point,643.2,376.1,Pillow,Pillow,Pillow,Pillow,Pillow,Pillow,Pillow,Pillow,Pillow,Pillow,Pillow,"1. Scene Overview: 
   - The image depicts a bright and airy living room with a predominantly white color scheme. The room is well-lit, likely due to natural light coming through a large window. The decor is minimalistic with a touch of elegance, featuring a mix of modern and classic elements.

2. Identified Objects:
   - Sofa: A white sofa is positioned against the right wall, adorned with several cushions in various shades of white and gray.
   - Coffee Table: In front of the sofa, there is a white coffee table with a lattice design, holding a bowl of fruit and a vase with flowers.
   - Painting: Above the sofa, a painting depicting two hands reaching towards each other is mounted on the wall.
   - Chandelier: A decorative chandelier hangs from the ceiling, adding a touch of elegance to the room.
   - Window: A large window on the left side of the room allows natural light to flood in. It has a white frame and a radiator beneath it.
   - Chair: A wooden chair with a dark cushion is placed near the window.
   - Plants: There are several potted plants, one near the chair and another on the right side of the room, adding greenery to the space.
   - Side Tables: Two wooden side tables are present, one on the left with a lamp and books, and another on the right with a lamp and magazines.
   - Rug: A white rug is laid out on the floor in front of the sofa and coffee table.
   - Lamps: Two lamps are visible, one on each side table, providing additional lighting options."
73,2,/Users/162191/Documents/GitHub/human_patterns_exploration/data/images/2unexp.jpg,3,/Users/162191/Documents/GitHub/human_patterns_exploration/outputs/masks_gaze_driven/best/IMG_2_unexp_Part_73_MASK_3_triangle_0.8530.png,208,269,285,337,triangle,219.4,302.8,Llama,Llama,Camel,Camel,Camel,Llama,Camel,Llama,Llama,Llama,Llama,"1. Scene Overview: 
   The image depicts a bright and airy living room with a minimalist and modern design. The room is predominantly white, creating a clean and spacious feel. Natural light floods the space through a large window, enhancing the serene atmosphere.

2. Identified Objects:
   - Sofa: Positioned on the right side of the room, adorned with several cushions in white and dark colors.
   - Coffee Table: In front of the sofa, featuring a white lattice design, topped with a bowl of fruit.
   - Armchair: Located to the left of the sofa, near the window, with a dark fabric cover.
   - Window: Large, situated on the left wall, allowing ample natural light into the room.
   - Radiator: Below the window, painted white to blend with the walls.
   - Chandelier: Hanging from the ceiling, adding an elegant touch to the room.
   - Wall Art: Above the sofa, depicting a famous artwork.
   - Plants: Two potted plants, one on the coffee table and another near the armchair, adding greenery to the space.
   - Side Table: On the far left, with a lamp and books placed on it.
   - Floor Lamp: On the right side, next to the sofa, with a white lampshade.
   - Rug: A white rug on the floor, complementing the room's color scheme.
   - Books and Magazines: On the side table and coffee table, adding a touch of personal style."
73,2,/Users/162191/Documents/GitHub/human_patterns_exploration/data/images/2unexp.jpg,2,/Users/162191/Documents/GitHub/human_patterns_exploration/outputs/masks_gaze_driven/best/IMG_2_unexp_Part_73_MASK_2_cross_0.4430.png,268,313,144,350,cross,288.2,334.0,Window,Window,Window,Window,Window,Window,Window,Window,Window,Window,Window,"1. Scene Overview: 
   The image depicts a bright and airy living room with a minimalist and modern design. The room is predominantly white, creating a clean and spacious feel. Natural light floods the space through a large window, enhancing the serene atmosphere.

2. Identified Objects:
   - Sofa: Positioned on the right side of the room, adorned with several cushions in white and dark colors.
   - Coffee Table: In front of the sofa, featuring a white lattice design, topped with a bowl of fruit.
   - Armchair: Located to the left of the sofa, near the window, with a dark fabric cover.
   - Window: Large, situated on the left wall, allowing ample natural light into the room.
   - Radiator: Below the window, painted white to blend with the walls.
   - Chandelier: Hanging from the ceiling, adding an elegant touch to the room.
   - Wall Art: Above the sofa, depicting a famous artwork.
   - Plants: Two potted plants, one on the coffee table and another near the armchair, adding greenery to the space.
   - Side Table: On the far left, with a lamp and books placed on it.
   - Floor Lamp: On the right side, next to the sofa, with a white lampshade.
   - Rug: A white rug on the floor, complementing the room's color scheme.
   - Books and Magazines: On the side table and coffee table, adding a touch of personal style."
73,2,/Users/162191/Documents/GitHub/human_patterns_exploration/data/images/2unexp.jpg,1,/Users/162191/Documents/GitHub/human_patterns_exploration/outputs/masks_gaze_driven/best/IMG_2_unexp_Part_73_MASK_1_triangle_0.9047.png,444,481,346,391,triangle,464.1,380.4,[Rock],Paper,[Rock],[Paper],Rock,[Rock],[Rock],[Rock],Rock,Bark,[Rock],"1. Scene Overview: 
   The image depicts a bright and airy living room with a minimalist and modern design. The room is predominantly white, creating a clean and spacious feel. Natural light floods the space through a large window, enhancing the serene atmosphere.

2. Identified Objects:
   - Sofa: Positioned on the right side of the room, adorned with several cushions in white and dark colors.
   - Coffee Table: In front of the sofa, featuring a white lattice design, topped with a bowl of fruit.
   - Armchair: Located to the left of the sofa, near the window, with a dark fabric cover.
   - Window: Large, situated on the left wall, allowing ample natural light into the room.
   - Radiator: Below the window, painted white to blend with the walls.
   - Chandelier: Hanging from the ceiling, adding an elegant touch to the room.
   - Wall Art: Above the sofa, depicting a famous artwork.
   - Plants: Two potted plants, one on the coffee table and another near the armchair, adding greenery to the space.
   - Side Table: On the far left, with a lamp and books placed on it.
   - Floor Lamp: On the right side, next to the sofa, with a white lampshade.
   - Rug: A white rug on the floor, complementing the room's color scheme.
   - Books and Magazines: On the side table and coffee table, adding a touch of personal style."
73,2,/Users/162191/Documents/GitHub/human_patterns_exploration/data/images/2unexp.jpg,4,/Users/162191/Documents/GitHub/human_patterns_exploration/outputs/masks_gaze_driven/best/IMG_2_unexp_Part_73_MASK_4_point_0.8454.png,175,269,285,338,point,217.8,293.9,[Giraffe],[Giraffe],[Giraffe],[Giraffe],[Giraffe],[Columns],[Column],[Giraffe],[Columns],[Columns],[Giraffe],"1. Scene Overview: 
   The image depicts a bright and airy living room with a minimalist and modern design. The room is predominantly white, creating a clean and spacious feel. Natural light floods the space through a large window, enhancing the serene atmosphere.

2. Identified Objects:
   - Sofa: Positioned on the right side of the room, adorned with several cushions in white and dark colors.
   - Coffee Table: In front of the sofa, featuring a white lattice design, topped with a bowl of fruit.
   - Armchair: Located to the left of the sofa, near the window, with a dark fabric cover.
   - Window: Large, situated on the left wall, allowing ample natural light into the room.
   - Radiator: Below the window, painted white to blend with the walls.
   - Chandelier: Hanging from the ceiling, adding an elegant touch to the room.
   - Wall Art: Above the sofa, depicting a famous artwork.
   - Plants: Two potted plants, one on the coffee table and another near the armchair, adding greenery to the space.
   - Side Table: On the far left, with a lamp and books placed on it.
   - Floor Lamp: On the right side, next to the sofa, with a white lampshade.
   - Rug: A white rug on the floor, complementing the room's color scheme.
   - Books and Magazines: On the side table and coffee table, adding a touch of personal style."
73,2,/Users/162191/Documents/GitHub/human_patterns_exploration/data/images/2unexp.jpg,0,/Users/162191/Documents/GitHub/human_patterns_exploration/outputs/masks_gaze_driven/best/IMG_2_unexp_Part_73_MASK_0_point_0.9328.png,622,677,351,428,point,643.2,376.1,Pillow,Pillow,Pillow,Pillow,Pillow,Pillow,Pillow,Pillow,Pillow,Pillow,Pillow,"1. Scene Overview: 
   The image depicts a bright and airy living room with a minimalist and modern design. The room is predominantly white, creating a clean and spacious feel. Natural light floods the space through a large window, enhancing the serene atmosphere.

2. Identified Objects:
   - Sofa: Positioned on the right side of the room, adorned with several cushions in white and dark colors.
   - Coffee Table: In front of the sofa, featuring a white lattice design, topped with a bowl of fruit.
   - Armchair: Located to the left of the sofa, near the window, with a dark fabric cover.
   - Window: Large, situated on the left wall, allowing ample natural light into the room.
   - Radiator: Below the window, painted white to blend with the walls.
   - Chandelier: Hanging from the ceiling, adding an elegant touch to the room.
   - Wall Art: Above the sofa, depicting a famous artwork.
   - Plants: Two potted plants, one on the coffee table and another near the armchair, adding greenery to the space.
   - Side Table: On the far left, with a lamp and books placed on it.
   - Floor Lamp: On the right side, next to the sofa, with a white lampshade.
   - Rug: A white rug on the floor, complementing the room's color scheme.
   - Books and Magazines: On the side table and coffee table, adding a touch of personal style."
75,2,/Users/162191/Documents/GitHub/human_patterns_exploration/data/images/2unexp.jpg,2,/Users/162191/Documents/GitHub/human_patterns_exploration/outputs/masks_gaze_driven/best/IMG_2_unexp_Part_75_MASK_2_triangle_0.3847.png,176,269,283,338,triangle,203.0,307.2,[Faucet],Faucet,Faucet,Faucet,Faucet,Faucet,Faucet,Faucet,Faucet,Faucet,Faucet,"1. Scene Overview: 
   The image depicts a bright and airy living room with a minimalist and modern design. The room is predominantly white, creating a clean and spacious feel. Natural light floods the space through a large window, enhancing the room's brightness.

2. Identified Objects:
   - Sofa: Positioned on the right side of the room, adorned with several cushions in white and dark colors.
   - Coffee Table: In front of the sofa, featuring a white lattice design, with a bowl of fruit and a small plant on top.
   - Armchair: Located to the left of the sofa, near the window, with a dark cushion or cover.
   - Window: On the left wall, allowing natural light into the room.
   - Radiator: Below the window.
   - Chandelier: Hanging from the ceiling, centrally located.
   - Wall Art: Above the sofa, depicting a famous artwork.
   - Side Table: On the far left, with a lamp and a few books or magazines.
   - Floor Lamp: On the right side of the sofa, with a white lampshade.
   - Plants: Several potted plants are placed around the room, adding greenery.
   - Rug: A white rug is on the floor in front of the sofa and coffee table.
   - Books/Magazines: On the side table and possibly on the coffee table."
75,2,/Users/162191/Documents/GitHub/human_patterns_exploration/data/images/2unexp.jpg,0,/Users/162191/Documents/GitHub/human_patterns_exploration/outputs/masks_gaze_driven/best/IMG_2_unexp_Part_75_MASK_0_point_0.8729.png,581,683,222,286,point,624.2,252.6,Hand,Hand,Hand,Hand,Hand,Hand,Hand,Hand,Hand,[Hand],Hand,"1. Scene Overview: 
   The image depicts a bright and airy living room with a minimalist and modern design. The room is predominantly white, creating a clean and spacious feel. Natural light floods the space through a large window, enhancing the room's brightness.

2. Identified Objects:
   - Sofa: Positioned on the right side of the room, adorned with several cushions in white and dark colors.
   - Coffee Table: In front of the sofa, featuring a white lattice design, with a bowl of fruit and a small plant on top.
   - Armchair: Located to the left of the sofa, near the window, with a dark cushion or cover.
   - Window: On the left wall, allowing natural light into the room.
   - Radiator: Below the window.
   - Chandelier: Hanging from the ceiling, centrally located.
   - Wall Art: Above the sofa, depicting a famous artwork.
   - Side Table: On the far left, with a lamp and a few books or magazines.
   - Floor Lamp: On the right side of the sofa, with a white lampshade.
   - Plants: Several potted plants are placed around the room, adding greenery.
   - Rug: A white rug is on the floor in front of the sofa and coffee table.
   - Books/Magazines: On the side table and possibly on the coffee table."
75,2,/Users/162191/Documents/GitHub/human_patterns_exploration/data/images/2unexp.jpg,1,/Users/162191/Documents/GitHub/human_patterns_exploration/outputs/masks_gaze_driven/best/IMG_2_unexp_Part_75_MASK_1_point_0.7352.png,93,310,117,369,point,199.3,294.8,Window,Window,Window,Window,Window,Window,Window,Window,Window,Window,Window,"1. Scene Overview: 
   The image depicts a bright and airy living room with a minimalist and modern design. The room is predominantly white, creating a clean and spacious feel. Natural light floods the space through a large window, enhancing the room's brightness.

2. Identified Objects:
   - Sofa: Positioned on the right side of the room, adorned with several cushions in white and dark colors.
   - Coffee Table: In front of the sofa, featuring a white lattice design, with a bowl of fruit and a small plant on top.
   - Armchair: Located to the left of the sofa, near the window, with a dark cushion or cover.
   - Window: On the left wall, allowing natural light into the room.
   - Radiator: Below the window.
   - Chandelier: Hanging from the ceiling, centrally located.
   - Wall Art: Above the sofa, depicting a famous artwork.
   - Side Table: On the far left, with a lamp and a few books or magazines.
   - Floor Lamp: On the right side of the sofa, with a white lampshade.
   - Plants: Several potted plants are placed around the room, adding greenery.
   - Rug: A white rug is on the floor in front of the sofa and coffee table.
   - Books/Magazines: On the side table and possibly on the coffee table."
75,2,/Users/162191/Documents/GitHub/human_patterns_exploration/data/images/2unexp.jpg,2,/Users/162191/Documents/GitHub/human_patterns_exploration/outputs/masks_gaze_driven/best/IMG_2_unexp_Part_75_MASK_2_triangle_0.3847.png,176,269,283,338,triangle,203.0,307.2,Faucet,Faucet,Faucet,Faucet,Faucet,Faucet,Faucet,Faucet,Faucet,Faucet,Faucet,"1. Scene Overview:
   - The image depicts a bright and airy living room with a minimalist and modern design. The room is predominantly white, enhancing the sense of space and light. A large window allows natural light to flood the room, creating a warm and inviting atmosphere.

2. Identified Objects:
   - Sofa: Positioned on the right side of the room, it is white with several decorative pillows in various shades.
   - Coffee Table: In front of the sofa, it is white with a lattice design and holds a bowl of fruit and a small plant.
   - Armchair: Located to the left of the sofa, it has a wooden frame with a dark cushion.
   - Window: On the left wall, allowing natural light into the room.
   - Radiator: Below the window.
   - Side Table: To the left of the window, holding a lamp and some books.
   - Lamp: On the side table, with a white shade.
   - Chandelier: Hanging from the ceiling, it is ornate and adds elegance to the room.
   - Wall Art: Above the sofa, depicting a famous artwork.
   - Plants: Several potted plants are placed around the room, adding greenery.
   - Rug: A white rug is on the floor in front of the sofa.
   - Books and Magazines: On the side table and coffee table, adding a touch of personal style."
75,2,/Users/162191/Documents/GitHub/human_patterns_exploration/data/images/2unexp.jpg,0,/Users/162191/Documents/GitHub/human_patterns_exploration/outputs/masks_gaze_driven/best/IMG_2_unexp_Part_75_MASK_0_point_0.8729.png,581,683,222,286,point,624.2,252.6,[Hand],Hand,Hand,Hand,Hand,[Hand],[Hand],[Hand],[Hand],Hand,[Hand],"1. Scene Overview:
   - The image depicts a bright and airy living room with a minimalist and modern design. The room is predominantly white, enhancing the sense of space and light. A large window allows natural light to flood the room, creating a warm and inviting atmosphere.

2. Identified Objects:
   - Sofa: Positioned on the right side of the room, it is white with several decorative pillows in various shades.
   - Coffee Table: In front of the sofa, it is white with a lattice design and holds a bowl of fruit and a small plant.
   - Armchair: Located to the left of the sofa, it has a wooden frame with a dark cushion.
   - Window: On the left wall, allowing natural light into the room.
   - Radiator: Below the window.
   - Side Table: To the left of the window, holding a lamp and some books.
   - Lamp: On the side table, with a white shade.
   - Chandelier: Hanging from the ceiling, it is ornate and adds elegance to the room.
   - Wall Art: Above the sofa, depicting a famous artwork.
   - Plants: Several potted plants are placed around the room, adding greenery.
   - Rug: A white rug is on the floor in front of the sofa.
   - Books and Magazines: On the side table and coffee table, adding a touch of personal style."
75,2,/Users/162191/Documents/GitHub/human_patterns_exploration/data/images/2unexp.jpg,1,/Users/162191/Documents/GitHub/human_patterns_exploration/outputs/masks_gaze_driven/best/IMG_2_unexp_Part_75_MASK_1_point_0.7352.png,93,310,117,369,point,199.3,294.8,Window,Window,Window,Window,Window,Window,Window,Window,Window,Window,Window,"1. Scene Overview:
   - The image depicts a bright and airy living room with a minimalist and modern design. The room is predominantly white, enhancing the sense of space and light. A large window allows natural light to flood the room, creating a warm and inviting atmosphere.

2. Identified Objects:
   - Sofa: Positioned on the right side of the room, it is white with several decorative pillows in various shades.
   - Coffee Table: In front of the sofa, it is white with a lattice design and holds a bowl of fruit and a small plant.
   - Armchair: Located to the left of the sofa, it has a wooden frame with a dark cushion.
   - Window: On the left wall, allowing natural light into the room.
   - Radiator: Below the window.
   - Side Table: To the left of the window, holding a lamp and some books.
   - Lamp: On the side table, with a white shade.
   - Chandelier: Hanging from the ceiling, it is ornate and adds elegance to the room.
   - Wall Art: Above the sofa, depicting a famous artwork.
   - Plants: Several potted plants are placed around the room, adding greenery.
   - Rug: A white rug is on the floor in front of the sofa.
   - Books and Magazines: On the side table and coffee table, adding a touch of personal style."
77,2,/Users/162191/Documents/GitHub/human_patterns_exploration/data/images/2unexp.jpg,0,/Users/162191/Documents/GitHub/human_patterns_exploration/outputs/masks_gaze_driven/best/IMG_2_unexp_Part_77_MASK_0_cross_0.3240.png,174,241,288,341,cross,194.3,330.0,Book,Book,Book,Book,[Termites],Book,[Book],Book,[Scroll],[Termites],Book,"1. Scene Overview: 
   The image depicts a bright and airy living room with a minimalist and modern design. The room is predominantly white, with natural light streaming in through a large window. The decor includes a mix of contemporary and classic elements, creating a cozy and inviting atmosphere.

2. Identified Objects:
   - Sofa: Positioned on the right side of the room, adorned with several cushions in white and dark colors.
   - Coffee Table: In front of the sofa, featuring a white lattice design, with a bowl of fruit and a green plant on top.
   - Armchair: Located near the window, with a dark cushion or cover.
   - Window: Large, on the left side of the room, allowing natural light to enter.
   - Radiator: Below the window.
   - Side Table: On the far left, with a lamp and books on top.
   - Chandelier: Hanging from the ceiling, centrally located.
   - Wall Art: Above the sofa, depicting a famous artwork.
   - Plants: Several potted plants are placed around the room, adding greenery.
   - Floor Lamp: On the right side, with a white shade.
   - Rug: A white rug is placed on the floor in front of the sofa.
   - Books and Magazines: On the side table and coffee table."
77,2,/Users/162191/Documents/GitHub/human_patterns_exploration/data/images/2unexp.jpg,0,/Users/162191/Documents/GitHub/human_patterns_exploration/outputs/masks_gaze_driven/best/IMG_2_unexp_Part_77_MASK_0_cross_0.3240.png,174,241,288,341,cross,194.3,330.0,[Termites],[Book],Book,[Book],[Termites],Book,[Book],Book,Book,Book,Book,"1. Scene Overview: 
   The image depicts a bright and airy living room with a minimalist and modern design. The room is predominantly white, with natural light streaming in through a large window. The decor includes a mix of contemporary and classic elements, creating a cozy and inviting atmosphere.

2. Identified Objects:
   - Sofa: A white sofa is positioned against the right wall, adorned with several cushions in various shades of white and gray.
   - Coffee Table: A white, foldable coffee table is placed in front of the sofa, holding a bowl of fruit and a small plant.
   - Armchair: A wooden armchair with a dark cushion is located near the window on the left side.
   - Window: A large window on the left wall allows natural light to illuminate the room.
   - Radiator: Positioned below the window.
   - Side Table: A wooden side table is on the left side of the image, holding a lamp and some books.
   - Lamp: A white lamp with a pleated shade is on the side table.
   - Chandelier: A decorative chandelier hangs from the ceiling in the center of the room.
   - Wall Art: A piece of art depicting two hands is hung above the sofa.
   - Plants: Several potted plants are placed around the room, including one on the coffee table and another near the armchair.
   - Rug: A white rug is laid out on the floor in front of the sofa.
   - Books and Magazines: A stack of books and magazines is on the right side table."
87,2,/Users/162191/Documents/GitHub/human_patterns_exploration/data/images/2unexp.jpg,1,/Users/162191/Documents/GitHub/human_patterns_exploration/outputs/masks_gaze_driven/best/IMG_2_unexp_Part_87_MASK_1_point_0.8469.png,175,269,285,338,point,214.7,299.9,[Giraffe],[Columns],[Giraffe],[Giraffe],[Giraffe],[Giraffe],[Giraffe],[Giraffe],[Giraffe],[Giraffe],[Giraffe],"1. Scene Overview: 
   The image depicts a bright and airy living room with a minimalist and modern design. The room features white walls and flooring, creating a clean and spacious atmosphere. Natural light floods the room through a large window, enhancing the serene ambiance.

2. Identified Objects:
   - Sofa: Positioned on the right side of the room, it is white with several cushions in various shades of white and gray.
   - Coffee Table: In front of the sofa, it is white with a lattice design and holds a bowl of fruit and a small plant.
   - Chandelier: Hanging from the ceiling in the center of the room, it is ornate and adds an elegant touch.
   - Wall Art: Above the sofa, there is a piece of art depicting two hands reaching towards each other.
   - Window: On the left side, allowing natural light to enter, with a radiator below it.
   - Chair: Positioned near the window, it has a wooden frame and a dark fabric seat.
   - Side Table: On the left side of the room, it holds a lamp and some books.
   - Lamp: On the side table, it has a white shade.
   - Plant: Near the chair, adding a touch of greenery to the room.
   - Floor Lamp: On the right side, next to the sofa, with a white shade.
   - Rug: A white rug is placed under the coffee table, adding texture to the floor.
   - Books and Magazines: On the right side table, next to the floor lamp."
87,2,/Users/162191/Documents/GitHub/human_patterns_exploration/data/images/2unexp.jpg,2,/Users/162191/Documents/GitHub/human_patterns_exploration/outputs/masks_gaze_driven/best/IMG_2_unexp_Part_87_MASK_2_point_0.7702.png,114,193,214,345,point,168.5,302.2,[Feather],[Feather],[Feather],[Feather],[Feather],[Feather],[Feather],[Feather],[Feather],[Feather],[Feather],"1. Scene Overview: 
   The image depicts a bright and airy living room with a minimalist and modern design. The room features white walls and flooring, creating a clean and spacious atmosphere. Natural light floods the room through a large window, enhancing the serene ambiance.

2. Identified Objects:
   - Sofa: Positioned on the right side of the room, it is white with several cushions in various shades of white and gray.
   - Coffee Table: In front of the sofa, it is white with a lattice design and holds a bowl of fruit and a small plant.
   - Chandelier: Hanging from the ceiling in the center of the room, it is ornate and adds an elegant touch.
   - Wall Art: Above the sofa, there is a piece of art depicting two hands reaching towards each other.
   - Window: On the left side, allowing natural light to enter, with a radiator below it.
   - Chair: Positioned near the window, it has a wooden frame and a dark fabric seat.
   - Side Table: On the left side of the room, it holds a lamp and some books.
   - Lamp: On the side table, it has a white shade.
   - Plant: Near the chair, adding a touch of greenery to the room.
   - Floor Lamp: On the right side, next to the sofa, with a white shade.
   - Rug: A white rug is placed under the coffee table, adding texture to the floor.
   - Books and Magazines: On the right side table, next to the floor lamp."
87,2,/Users/162191/Documents/GitHub/human_patterns_exploration/data/images/2unexp.jpg,0,/Users/162191/Documents/GitHub/human_patterns_exploration/outputs/masks_gaze_driven/best/IMG_2_unexp_Part_87_MASK_0_point_0.8476.png,208,269,285,338,point,214.3,317.0,Giraffe,Giraffe,Giraffe,Giraffe,Giraffe,Giraffe,Giraffe,Giraffe,Giraffe,[Giraffe],Giraffe,"1. Scene Overview: 
   The image depicts a bright and airy living room with a minimalist and modern design. The room features white walls and flooring, creating a clean and spacious atmosphere. Natural light floods the room through a large window, enhancing the serene ambiance.

2. Identified Objects:
   - Sofa: Positioned on the right side of the room, it is white with several cushions in various shades of white and gray.
   - Coffee Table: In front of the sofa, it is white with a lattice design and holds a bowl of fruit and a small plant.
   - Chandelier: Hanging from the ceiling in the center of the room, it is ornate and adds an elegant touch.
   - Wall Art: Above the sofa, there is a piece of art depicting two hands reaching towards each other.
   - Window: On the left side, allowing natural light to enter, with a radiator below it.
   - Chair: Positioned near the window, it has a wooden frame and a dark fabric seat.
   - Side Table: On the left side of the room, it holds a lamp and some books.
   - Lamp: On the side table, it has a white shade.
   - Plant: Near the chair, adding a touch of greenery to the room.
   - Floor Lamp: On the right side, next to the sofa, with a white shade.
   - Rug: A white rug is placed under the coffee table, adding texture to the floor.
   - Books and Magazines: On the right side table, next to the floor lamp."
93,2,/Users/162191/Documents/GitHub/human_patterns_exploration/data/images/2unexp.jpg,3,/Users/162191/Documents/GitHub/human_patterns_exploration/outputs/masks_gaze_driven/best/IMG_2_unexp_Part_93_MASK_3_triangle_0.8786.png,117,191,213,343,triangle,145.7,282.6,Showerhead,Showerhead,Showerhead,Showerhead,Showerhead,Showerhead,Showerhead,Showerhead,Showerhead,[Showerhead],Showerhead,"1. Scene Overview: 
   The image depicts a bright and airy living room with a minimalist and modern design. The room is predominantly white, with natural light streaming in through a large window. The decor includes a mix of contemporary and classic elements, creating a cozy and inviting atmosphere.

2. Identified Objects:
   - Sofa: A white sofa is positioned against the right wall, adorned with several cushions in various shades of white and gray.
   - Coffee Table: In front of the sofa, there is a white, lattice-patterned coffee table with a bowl of fruit on top.
   - Chandelier: A decorative chandelier hangs from the ceiling, centrally located in the room.
   - Window: A large window on the left side allows natural light to flood the room. It has a white frame and a radiator beneath it.
   - Chair: A wooden chair with a dark cushion is placed near the window.
   - Plants: There are several potted plants, one on the coffee table and another larger one near the chair.
   - Wall Art: A piece of artwork depicting two hands reaching towards each other is hung above the sofa.
   - Side Tables: Two wooden side tables are present, one on each side of the room. The left table has a lamp and some books, while the right table holds a lamp and some magazines.
   - Lamps: Two lamps are visible, one on each side table, with white shades.
   - Rug: A white rug is placed on the floor in front of the sofa and coffee table."
93,2,/Users/162191/Documents/GitHub/human_patterns_exploration/data/images/2unexp.jpg,1,/Users/162191/Documents/GitHub/human_patterns_exploration/outputs/masks_gaze_driven/best/IMG_2_unexp_Part_93_MASK_1_circle_0.2282.png,182,208,211,340,circle,196.8,277.7,Shelf,Shelf,Shelf,Bookshelf,Shelf,Shelf,Shelf,Shelf,Shelf,Shelf,Shelf,"1. Scene Overview: 
   The image depicts a bright and airy living room with a minimalist and modern design. The room is predominantly white, with natural light streaming in through a large window. The decor includes a mix of contemporary and classic elements, creating a cozy and inviting atmosphere.

2. Identified Objects:
   - Sofa: A white sofa is positioned against the right wall, adorned with several cushions in various shades of white and gray.
   - Coffee Table: In front of the sofa, there is a white, lattice-patterned coffee table with a bowl of fruit on top.
   - Chandelier: A decorative chandelier hangs from the ceiling, centrally located in the room.
   - Window: A large window on the left side allows natural light to flood the room. It has a white frame and a radiator beneath it.
   - Chair: A wooden chair with a dark cushion is placed near the window.
   - Plants: There are several potted plants, one on the coffee table and another larger one near the chair.
   - Wall Art: A piece of artwork depicting two hands reaching towards each other is hung above the sofa.
   - Side Tables: Two wooden side tables are present, one on each side of the room. The left table has a lamp and some books, while the right table holds a lamp and some magazines.
   - Lamps: Two lamps are visible, one on each side table, with white shades.
   - Rug: A white rug is placed on the floor in front of the sofa and coffee table."
93,2,/Users/162191/Documents/GitHub/human_patterns_exploration/data/images/2unexp.jpg,0,/Users/162191/Documents/GitHub/human_patterns_exploration/outputs/masks_gaze_driven/best/IMG_2_unexp_Part_93_MASK_0_point_0.5501.png,85,311,114,451,point,202.2,285.5,Window,Window,Window,Window,Window,Window,Window,Window,Window,Window,Window,"1. Scene Overview: 
   The image depicts a bright and airy living room with a minimalist and modern design. The room is predominantly white, with natural light streaming in through a large window. The decor includes a mix of contemporary and classic elements, creating a cozy and inviting atmosphere.

2. Identified Objects:
   - Sofa: A white sofa is positioned against the right wall, adorned with several cushions in various shades of white and gray.
   - Coffee Table: In front of the sofa, there is a white, lattice-patterned coffee table with a bowl of fruit on top.
   - Chandelier: A decorative chandelier hangs from the ceiling, centrally located in the room.
   - Window: A large window on the left side allows natural light to flood the room. It has a white frame and a radiator beneath it.
   - Chair: A wooden chair with a dark cushion is placed near the window.
   - Plants: There are several potted plants, one on the coffee table and another larger one near the chair.
   - Wall Art: A piece of artwork depicting two hands reaching towards each other is hung above the sofa.
   - Side Tables: Two wooden side tables are present, one on each side of the room. The left table has a lamp and some books, while the right table holds a lamp and some magazines.
   - Lamps: Two lamps are visible, one on each side table, with white shades.
   - Rug: A white rug is placed on the floor in front of the sofa and coffee table."
93,2,/Users/162191/Documents/GitHub/human_patterns_exploration/data/images/2unexp.jpg,2,/Users/162191/Documents/GitHub/human_patterns_exploration/outputs/masks_gaze_driven/best/IMG_2_unexp_Part_93_MASK_2_point_0.8508.png,116,192,214,344,point,156.0,279.5,Faucet,[Lamp],[Faucet],[Lamp],Faucet,Faucet,[Lamp],Faucet,Lamp,Faucet,Faucet,"1. Scene Overview: 
   The image depicts a bright and airy living room with a minimalist and modern design. The room is predominantly white, with natural light streaming in through a large window. The decor includes a mix of contemporary and classic elements, creating a cozy and inviting atmosphere.

2. Identified Objects:
   - Sofa: A white sofa is positioned against the right wall, adorned with several cushions in various shades of white and gray.
   - Coffee Table: In front of the sofa, there is a white, lattice-patterned coffee table with a bowl of fruit on top.
   - Chandelier: A decorative chandelier hangs from the ceiling, centrally located in the room.
   - Window: A large window on the left side allows natural light to flood the room. It has a white frame and a radiator beneath it.
   - Chair: A wooden chair with a dark cushion is placed near the window.
   - Plants: There are several potted plants, one on the coffee table and another larger one near the chair.
   - Wall Art: A piece of artwork depicting two hands reaching towards each other is hung above the sofa.
   - Side Tables: Two wooden side tables are present, one on each side of the room. The left table has a lamp and some books, while the right table holds a lamp and some magazines.
   - Lamps: Two lamps are visible, one on each side table, with white shades.
   - Rug: A white rug is placed on the floor in front of the sofa and coffee table."
93,2,/Users/162191/Documents/GitHub/human_patterns_exploration/data/images/2unexp.jpg,3,/Users/162191/Documents/GitHub/human_patterns_exploration/outputs/masks_gaze_driven/best/IMG_2_unexp_Part_93_MASK_3_triangle_0.8786.png,117,191,213,343,triangle,145.7,282.6,Showerhead,Showerhead,Showerhead,Showerhead,Showerhead,[Showerhead],Showerhead,Showerhead,Showerhead,Showerhead,Showerhead,"1. Scene Overview: 
   The image depicts a bright and airy living room with a minimalist and modern design. The room is predominantly white, creating a clean and spacious feel. Natural light floods in through a large window, enhancing the room's brightness. The decor includes a mix of contemporary and classic elements.

2. Identified Objects:
   - Sofa: Positioned on the right side of the room, adorned with several cushions in white and dark colors.
   - Coffee Table: In front of the sofa, featuring a white lattice design. It holds a bowl of fruit and a green plant.
   - Armchair: Located to the left of the sofa, near the window. It has a wooden frame and a dark cushion.
   - Window: On the left wall, allowing natural light to enter. Below it is a radiator.
   - Chandelier: Hanging from the ceiling, centrally located, with a classic design.
   - Wall Art: Above the sofa, depicting a famous artwork of two hands reaching towards each other.
   - Side Table: On the far left, holding a lamp and some books.
   - Lamp: On the side table, with a white shade.
   - Potted Plants: One on the coffee table and another on the right side of the sofa, adding greenery to the room.
   - Rug: A white rug on the floor in front of the sofa and coffee table.
   - Books and Magazines: On the right side table, next to the sofa.
   - Floor Lamp: On the right side of the sofa, with a white shade."
93,2,/Users/162191/Documents/GitHub/human_patterns_exploration/data/images/2unexp.jpg,1,/Users/162191/Documents/GitHub/human_patterns_exploration/outputs/masks_gaze_driven/best/IMG_2_unexp_Part_93_MASK_1_circle_0.2282.png,182,208,211,340,circle,196.8,277.7,Shelf,Shelf,Shelf,Shelf,Bookshelf,Bookshelf,Shelf,Bookshelf,Shelf,Bookshelf,Shelf,"1. Scene Overview: 
   The image depicts a bright and airy living room with a minimalist and modern design. The room is predominantly white, creating a clean and spacious feel. Natural light floods in through a large window, enhancing the room's brightness. The decor includes a mix of contemporary and classic elements.

2. Identified Objects:
   - Sofa: Positioned on the right side of the room, adorned with several cushions in white and dark colors.
   - Coffee Table: In front of the sofa, featuring a white lattice design. It holds a bowl of fruit and a green plant.
   - Armchair: Located to the left of the sofa, near the window. It has a wooden frame and a dark cushion.
   - Window: On the left wall, allowing natural light to enter. Below it is a radiator.
   - Chandelier: Hanging from the ceiling, centrally located, with a classic design.
   - Wall Art: Above the sofa, depicting a famous artwork of two hands reaching towards each other.
   - Side Table: On the far left, holding a lamp and some books.
   - Lamp: On the side table, with a white shade.
   - Potted Plants: One on the coffee table and another on the right side of the sofa, adding greenery to the room.
   - Rug: A white rug on the floor in front of the sofa and coffee table.
   - Books and Magazines: On the right side table, next to the sofa.
   - Floor Lamp: On the right side of the sofa, with a white shade."
93,2,/Users/162191/Documents/GitHub/human_patterns_exploration/data/images/2unexp.jpg,0,/Users/162191/Documents/GitHub/human_patterns_exploration/outputs/masks_gaze_driven/best/IMG_2_unexp_Part_93_MASK_0_point_0.5501.png,85,311,114,451,point,202.2,285.5,Window,Window,Window,Window,Window,Window,Window,Window,Window,Window,Window,"1. Scene Overview: 
   The image depicts a bright and airy living room with a minimalist and modern design. The room is predominantly white, creating a clean and spacious feel. Natural light floods in through a large window, enhancing the room's brightness. The decor includes a mix of contemporary and classic elements.

2. Identified Objects:
   - Sofa: Positioned on the right side of the room, adorned with several cushions in white and dark colors.
   - Coffee Table: In front of the sofa, featuring a white lattice design. It holds a bowl of fruit and a green plant.
   - Armchair: Located to the left of the sofa, near the window. It has a wooden frame and a dark cushion.
   - Window: On the left wall, allowing natural light to enter. Below it is a radiator.
   - Chandelier: Hanging from the ceiling, centrally located, with a classic design.
   - Wall Art: Above the sofa, depicting a famous artwork of two hands reaching towards each other.
   - Side Table: On the far left, holding a lamp and some books.
   - Lamp: On the side table, with a white shade.
   - Potted Plants: One on the coffee table and another on the right side of the sofa, adding greenery to the room.
   - Rug: A white rug on the floor in front of the sofa and coffee table.
   - Books and Magazines: On the right side table, next to the sofa.
   - Floor Lamp: On the right side of the sofa, with a white shade."
93,2,/Users/162191/Documents/GitHub/human_patterns_exploration/data/images/2unexp.jpg,2,/Users/162191/Documents/GitHub/human_patterns_exploration/outputs/masks_gaze_driven/best/IMG_2_unexp_Part_93_MASK_2_point_0.8508.png,116,192,214,344,point,156.0,279.5,Faucet,Faucet,[Lamp],Faucet,[Faucet],[Lamp],Faucet,Faucet,[Lamp],Faucet,Faucet,"1. Scene Overview: 
   The image depicts a bright and airy living room with a minimalist and modern design. The room is predominantly white, creating a clean and spacious feel. Natural light floods in through a large window, enhancing the room's brightness. The decor includes a mix of contemporary and classic elements.

2. Identified Objects:
   - Sofa: Positioned on the right side of the room, adorned with several cushions in white and dark colors.
   - Coffee Table: In front of the sofa, featuring a white lattice design. It holds a bowl of fruit and a green plant.
   - Armchair: Located to the left of the sofa, near the window. It has a wooden frame and a dark cushion.
   - Window: On the left wall, allowing natural light to enter. Below it is a radiator.
   - Chandelier: Hanging from the ceiling, centrally located, with a classic design.
   - Wall Art: Above the sofa, depicting a famous artwork of two hands reaching towards each other.
   - Side Table: On the far left, holding a lamp and some books.
   - Lamp: On the side table, with a white shade.
   - Potted Plants: One on the coffee table and another on the right side of the sofa, adding greenery to the room.
   - Rug: A white rug on the floor in front of the sofa and coffee table.
   - Books and Magazines: On the right side table, next to the sofa.
   - Floor Lamp: On the right side of the sofa, with a white shade."
99,2,/Users/162191/Documents/GitHub/human_patterns_exploration/data/images/2unexp.jpg,0,/Users/162191/Documents/GitHub/human_patterns_exploration/outputs/masks_gaze_driven/best/IMG_2_unexp_Part_99_MASK_0_point_0.6986.png,174,191,291,303,point,187.9,290.4,Hat,Hat,Hat,Hat,Hat,Hat,Hat,Hat,Hat,Hat,Hat,"1. Scene Overview: 
   The image depicts a bright and airy living room with a minimalist and modern design. The room is predominantly white, creating a clean and spacious feel. Natural light floods the space through a large window, enhancing the room's brightness.

2. Identified Objects:
   - Sofa: A white sofa is positioned against the right wall, adorned with several cushions in various shades of white and gray.
   - Coffee Table: In front of the sofa, there is a white, foldable coffee table with a perforated top. It holds a bowl of fruit and a small plant.
   - Armchair: To the left of the sofa, near the window, there is a wooden armchair with a dark cushion.
   - Window: A large window on the left wall allows natural light into the room. It has a white frame and a radiator beneath it.
   - Side Table: To the left of the window, there is a wooden side table with a white lamp and a few books.
   - Chandelier: A decorative chandelier hangs from the ceiling, adding elegance to the room.
   - Wall Art: Above the sofa, there is a piece of artwork depicting two hands reaching towards each other.
   - Plants: There are several potted plants in the room, including one on the coffee table and another near the armchair.
   - Floor Lamp: A floor lamp with a white shade is positioned to the right of the sofa.
   - Rug: A white rug is placed on the floor in front of the sofa and coffee table.
   - Books and Magazines: A stack of books and magazines is on the wooden side table to the right of the sofa."
99,2,/Users/162191/Documents/GitHub/human_patterns_exploration/data/images/2unexp.jpg,2,/Users/162191/Documents/GitHub/human_patterns_exploration/outputs/masks_gaze_driven/best/IMG_2_unexp_Part_99_MASK_2_triangle_0.7071.png,0,31,384,444,triangle,16.3,427.1,Gift,Gift,Gift,Gift,Gift,Gift,Gift,Gift,Gift,Gift,Gift,"1. Scene Overview: 
   The image depicts a bright and airy living room with a minimalist and modern design. The room is predominantly white, creating a clean and spacious feel. Natural light floods the space through a large window, enhancing the room's brightness.

2. Identified Objects:
   - Sofa: A white sofa is positioned against the right wall, adorned with several cushions in various shades of white and gray.
   - Coffee Table: In front of the sofa, there is a white, foldable coffee table with a perforated top. It holds a bowl of fruit and a small plant.
   - Armchair: To the left of the sofa, near the window, there is a wooden armchair with a dark cushion.
   - Window: A large window on the left wall allows natural light into the room. It has a white frame and a radiator beneath it.
   - Side Table: To the left of the window, there is a wooden side table with a white lamp and a few books.
   - Chandelier: A decorative chandelier hangs from the ceiling, adding elegance to the room.
   - Wall Art: Above the sofa, there is a piece of artwork depicting two hands reaching towards each other.
   - Plants: There are several potted plants in the room, including one on the coffee table and another near the armchair.
   - Floor Lamp: A floor lamp with a white shade is positioned to the right of the sofa.
   - Rug: A white rug is placed on the floor in front of the sofa and coffee table.
   - Books and Magazines: A stack of books and magazines is on the wooden side table to the right of the sofa."
99,2,/Users/162191/Documents/GitHub/human_patterns_exploration/data/images/2unexp.jpg,1,/Users/162191/Documents/GitHub/human_patterns_exploration/outputs/masks_gaze_driven/best/IMG_2_unexp_Part_99_MASK_1_point_0.9271.png,115,192,213,345,point,140.7,294.4,Faucet,Faucet,[Bird],Faucet,[Bird],[Bird],Faucet,[Bird],Faucet,[Bird],Faucet,"1. Scene Overview: 
   The image depicts a bright and airy living room with a minimalist and modern design. The room is predominantly white, creating a clean and spacious feel. Natural light floods the space through a large window, enhancing the room's brightness.

2. Identified Objects:
   - Sofa: A white sofa is positioned against the right wall, adorned with several cushions in various shades of white and gray.
   - Coffee Table: In front of the sofa, there is a white, foldable coffee table with a perforated top. It holds a bowl of fruit and a small plant.
   - Armchair: To the left of the sofa, near the window, there is a wooden armchair with a dark cushion.
   - Window: A large window on the left wall allows natural light into the room. It has a white frame and a radiator beneath it.
   - Side Table: To the left of the window, there is a wooden side table with a white lamp and a few books.
   - Chandelier: A decorative chandelier hangs from the ceiling, adding elegance to the room.
   - Wall Art: Above the sofa, there is a piece of artwork depicting two hands reaching towards each other.
   - Plants: There are several potted plants in the room, including one on the coffee table and another near the armchair.
   - Floor Lamp: A floor lamp with a white shade is positioned to the right of the sofa.
   - Rug: A white rug is placed on the floor in front of the sofa and coffee table.
   - Books and Magazines: A stack of books and magazines is on the wooden side table to the right of the sofa."
101,2,/Users/162191/Documents/GitHub/human_patterns_exploration/data/images/2unexp.jpg,10,/Users/162191/Documents/GitHub/human_patterns_exploration/outputs/masks_gaze_driven/best/IMG_2_unexp_Part_101_MASK_10_point_0.8917.png,333,411,0,173,point,354.0,106.7,Chandelier,Chandelier,Chandelier,Chandelier,Chandelier,Chandelier,Chandelier,Chandelier,Chandelier,Chandelier,Chandelier,"1. Scene Overview: 
   The image depicts a bright and airy living room with a minimalist and modern design. The room features white walls and flooring, creating a clean and spacious atmosphere. Natural light floods the space through a large window, enhancing the room's brightness.

2. Identified Objects:
   - Sofa: Positioned on the right side of the room, it is white with several cushions in various shades of gray and black.
   - Coffee Table: In front of the sofa, it is white with a lattice design, holding a bowl of fruit and a small plant.
   - Armchair: Located to the left of the sofa, it has a wooden frame and a dark fabric cover.
   - Window: On the left wall, allowing natural light into the room.
   - Radiator: Below the window.
   - Side Table: To the left of the window, holding a lamp and some books.
   - Lamp: On the side table, with a white shade.
   - Chandelier: Hanging from the ceiling, adding an elegant touch.
   - Wall Art: Above the sofa, depicting a famous artwork.
   - Plants: Several potted plants are placed around the room, adding greenery.
   - Rug: A white rug is on the floor in front of the sofa.
   - Magazines: On the wooden table to the right, next to a lamp with a pleated shade."
101,2,/Users/162191/Documents/GitHub/human_patterns_exploration/data/images/2unexp.jpg,2,/Users/162191/Documents/GitHub/human_patterns_exploration/outputs/masks_gaze_driven/best/IMG_2_unexp_Part_101_MASK_2_point_0.7540.png,173,190,291,303,point,174.6,300.2,Hat,Hat,Hat,Hat,Hat,Hat,Hat,Hat,Hat,Hat,Hat,"1. Scene Overview: 
   The image depicts a bright and airy living room with a minimalist and modern design. The room features white walls and flooring, creating a clean and spacious atmosphere. Natural light floods the space through a large window, enhancing the room's brightness.

2. Identified Objects:
   - Sofa: Positioned on the right side of the room, it is white with several cushions in various shades of gray and black.
   - Coffee Table: In front of the sofa, it is white with a lattice design, holding a bowl of fruit and a small plant.
   - Armchair: Located to the left of the sofa, it has a wooden frame and a dark fabric cover.
   - Window: On the left wall, allowing natural light into the room.
   - Radiator: Below the window.
   - Side Table: To the left of the window, holding a lamp and some books.
   - Lamp: On the side table, with a white shade.
   - Chandelier: Hanging from the ceiling, adding an elegant touch.
   - Wall Art: Above the sofa, depicting a famous artwork.
   - Plants: Several potted plants are placed around the room, adding greenery.
   - Rug: A white rug is on the floor in front of the sofa.
   - Magazines: On the wooden table to the right, next to a lamp with a pleated shade."
101,2,/Users/162191/Documents/GitHub/human_patterns_exploration/data/images/2unexp.jpg,0,/Users/162191/Documents/GitHub/human_patterns_exploration/outputs/masks_gaze_driven/best/IMG_2_unexp_Part_101_MASK_0_point_0.8533.png,392,799,4,347,point,736.2,291.1,[Painting],[Painting],[Painting],[Painting],[Painting],[Painting],Painting,[Painting],[Painting],[Painting],[Painting],"1. Scene Overview: 
   The image depicts a bright and airy living room with a minimalist and modern design. The room features white walls and flooring, creating a clean and spacious atmosphere. Natural light floods the space through a large window, enhancing the room's brightness.

2. Identified Objects:
   - Sofa: Positioned on the right side of the room, it is white with several cushions in various shades of gray and black.
   - Coffee Table: In front of the sofa, it is white with a lattice design, holding a bowl of fruit and a small plant.
   - Armchair: Located to the left of the sofa, it has a wooden frame and a dark fabric cover.
   - Window: On the left wall, allowing natural light into the room.
   - Radiator: Below the window.
   - Side Table: To the left of the window, holding a lamp and some books.
   - Lamp: On the side table, with a white shade.
   - Chandelier: Hanging from the ceiling, adding an elegant touch.
   - Wall Art: Above the sofa, depicting a famous artwork.
   - Plants: Several potted plants are placed around the room, adding greenery.
   - Rug: A white rug is on the floor in front of the sofa.
   - Magazines: On the wooden table to the right, next to a lamp with a pleated shade."
101,2,/Users/162191/Documents/GitHub/human_patterns_exploration/data/images/2unexp.jpg,7,/Users/162191/Documents/GitHub/human_patterns_exploration/outputs/masks_gaze_driven/best/IMG_2_unexp_Part_101_MASK_7_point_0.7193.png,0,799,4,389,point,712.5,297.7,Chandelier,Chandelier,Chandelier,Chandelier,Chandelier,Chandelier,Chandelier,Chandelier,Chandelier,Chandelier,Chandelier,"1. Scene Overview: 
   The image depicts a bright and airy living room with a minimalist and modern design. The room features white walls and flooring, creating a clean and spacious atmosphere. Natural light floods the space through a large window, enhancing the room's brightness.

2. Identified Objects:
   - Sofa: Positioned on the right side of the room, it is white with several cushions in various shades of gray and black.
   - Coffee Table: In front of the sofa, it is white with a lattice design, holding a bowl of fruit and a small plant.
   - Armchair: Located to the left of the sofa, it has a wooden frame and a dark fabric cover.
   - Window: On the left wall, allowing natural light into the room.
   - Radiator: Below the window.
   - Side Table: To the left of the window, holding a lamp and some books.
   - Lamp: On the side table, with a white shade.
   - Chandelier: Hanging from the ceiling, adding an elegant touch.
   - Wall Art: Above the sofa, depicting a famous artwork.
   - Plants: Several potted plants are placed around the room, adding greenery.
   - Rug: A white rug is on the floor in front of the sofa.
   - Magazines: On the wooden table to the right, next to a lamp with a pleated shade."
101,2,/Users/162191/Documents/GitHub/human_patterns_exploration/data/images/2unexp.jpg,6,/Users/162191/Documents/GitHub/human_patterns_exploration/outputs/masks_gaze_driven/best/IMG_2_unexp_Part_101_MASK_6_point_0.9243.png,333,412,0,173,point,356.2,28.3,Chandelier,Chandelier,Chandelier,Chandelier,Chandelier,Chandelier,Chandelier,Chandelier,Chandelier,Chandelier,Chandelier,"1. Scene Overview: 
   The image depicts a bright and airy living room with a minimalist and modern design. The room features white walls and flooring, creating a clean and spacious atmosphere. Natural light floods the space through a large window, enhancing the room's brightness.

2. Identified Objects:
   - Sofa: Positioned on the right side of the room, it is white with several cushions in various shades of gray and black.
   - Coffee Table: In front of the sofa, it is white with a lattice design, holding a bowl of fruit and a small plant.
   - Armchair: Located to the left of the sofa, it has a wooden frame and a dark fabric cover.
   - Window: On the left wall, allowing natural light into the room.
   - Radiator: Below the window.
   - Side Table: To the left of the window, holding a lamp and some books.
   - Lamp: On the side table, with a white shade.
   - Chandelier: Hanging from the ceiling, adding an elegant touch.
   - Wall Art: Above the sofa, depicting a famous artwork.
   - Plants: Several potted plants are placed around the room, adding greenery.
   - Rug: A white rug is on the floor in front of the sofa.
   - Magazines: On the wooden table to the right, next to a lamp with a pleated shade."
101,2,/Users/162191/Documents/GitHub/human_patterns_exploration/data/images/2unexp.jpg,5,/Users/162191/Documents/GitHub/human_patterns_exploration/outputs/masks_gaze_driven/best/IMG_2_unexp_Part_101_MASK_5_circle_0.7433.png,0,325,27,114,circle,172.1,74.6,Molding,Molding,Molding,Molding,Molding,Molding,Molding,Molding,Molding,Molding,Molding,"1. Scene Overview: 
   The image depicts a bright and airy living room with a minimalist and modern design. The room features white walls and flooring, creating a clean and spacious atmosphere. Natural light floods the space through a large window, enhancing the room's brightness.

2. Identified Objects:
   - Sofa: Positioned on the right side of the room, it is white with several cushions in various shades of gray and black.
   - Coffee Table: In front of the sofa, it is white with a lattice design, holding a bowl of fruit and a small plant.
   - Armchair: Located to the left of the sofa, it has a wooden frame and a dark fabric cover.
   - Window: On the left wall, allowing natural light into the room.
   - Radiator: Below the window.
   - Side Table: To the left of the window, holding a lamp and some books.
   - Lamp: On the side table, with a white shade.
   - Chandelier: Hanging from the ceiling, adding an elegant touch.
   - Wall Art: Above the sofa, depicting a famous artwork.
   - Plants: Several potted plants are placed around the room, adding greenery.
   - Rug: A white rug is on the floor in front of the sofa.
   - Magazines: On the wooden table to the right, next to a lamp with a pleated shade."
101,2,/Users/162191/Documents/GitHub/human_patterns_exploration/data/images/2unexp.jpg,9,/Users/162191/Documents/GitHub/human_patterns_exploration/outputs/masks_gaze_driven/best/IMG_2_unexp_Part_101_MASK_9_point_0.9117.png,0,735,0,109,point,329.4,84.9,[Chandelier],[Chandelier],Chandelier,[Chandelier],[Chandelier],Chandelier,Chandelier,[Chandelier],Chandelier,Chandelier,[Chandelier],"1. Scene Overview: 
   The image depicts a bright and airy living room with a minimalist and modern design. The room features white walls and flooring, creating a clean and spacious atmosphere. Natural light floods the space through a large window, enhancing the room's brightness.

2. Identified Objects:
   - Sofa: Positioned on the right side of the room, it is white with several cushions in various shades of gray and black.
   - Coffee Table: In front of the sofa, it is white with a lattice design, holding a bowl of fruit and a small plant.
   - Armchair: Located to the left of the sofa, it has a wooden frame and a dark fabric cover.
   - Window: On the left wall, allowing natural light into the room.
   - Radiator: Below the window.
   - Side Table: To the left of the window, holding a lamp and some books.
   - Lamp: On the side table, with a white shade.
   - Chandelier: Hanging from the ceiling, adding an elegant touch.
   - Wall Art: Above the sofa, depicting a famous artwork.
   - Plants: Several potted plants are placed around the room, adding greenery.
   - Rug: A white rug is on the floor in front of the sofa.
   - Magazines: On the wooden table to the right, next to a lamp with a pleated shade."
101,2,/Users/162191/Documents/GitHub/human_patterns_exploration/data/images/2unexp.jpg,1,/Users/162191/Documents/GitHub/human_patterns_exploration/outputs/masks_gaze_driven/best/IMG_2_unexp_Part_101_MASK_1_cross_0.4550.png,306,393,118,350,cross,317.1,152.0,Chandelier,Chandelier,Chandelier,Chandelier,Chandelier,Chandelier,Chandelier,Chandelier,Chandelier,Chandelier,Chandelier,"1. Scene Overview: 
   The image depicts a bright and airy living room with a minimalist and modern design. The room features white walls and flooring, creating a clean and spacious atmosphere. Natural light floods the space through a large window, enhancing the room's brightness.

2. Identified Objects:
   - Sofa: Positioned on the right side of the room, it is white with several cushions in various shades of gray and black.
   - Coffee Table: In front of the sofa, it is white with a lattice design, holding a bowl of fruit and a small plant.
   - Armchair: Located to the left of the sofa, it has a wooden frame and a dark fabric cover.
   - Window: On the left wall, allowing natural light into the room.
   - Radiator: Below the window.
   - Side Table: To the left of the window, holding a lamp and some books.
   - Lamp: On the side table, with a white shade.
   - Chandelier: Hanging from the ceiling, adding an elegant touch.
   - Wall Art: Above the sofa, depicting a famous artwork.
   - Plants: Several potted plants are placed around the room, adding greenery.
   - Rug: A white rug is on the floor in front of the sofa.
   - Magazines: On the wooden table to the right, next to a lamp with a pleated shade."
101,2,/Users/162191/Documents/GitHub/human_patterns_exploration/data/images/2unexp.jpg,4,/Users/162191/Documents/GitHub/human_patterns_exploration/outputs/masks_gaze_driven/best/IMG_2_unexp_Part_101_MASK_4_point_0.9196.png,114,192,213,346,point,170.3,267.3,[Bird],Bird,Bird,[Bird],[Bird],[Bird],[Bird],[Bird],[Bird],[Bread],[Bird],"1. Scene Overview: 
   The image depicts a bright and airy living room with a minimalist and modern design. The room features white walls and flooring, creating a clean and spacious atmosphere. Natural light floods the space through a large window, enhancing the room's brightness.

2. Identified Objects:
   - Sofa: Positioned on the right side of the room, it is white with several cushions in various shades of gray and black.
   - Coffee Table: In front of the sofa, it is white with a lattice design, holding a bowl of fruit and a small plant.
   - Armchair: Located to the left of the sofa, it has a wooden frame and a dark fabric cover.
   - Window: On the left wall, allowing natural light into the room.
   - Radiator: Below the window.
   - Side Table: To the left of the window, holding a lamp and some books.
   - Lamp: On the side table, with a white shade.
   - Chandelier: Hanging from the ceiling, adding an elegant touch.
   - Wall Art: Above the sofa, depicting a famous artwork.
   - Plants: Several potted plants are placed around the room, adding greenery.
   - Rug: A white rug is on the floor in front of the sofa.
   - Magazines: On the wooden table to the right, next to a lamp with a pleated shade."
101,2,/Users/162191/Documents/GitHub/human_patterns_exploration/data/images/2unexp.jpg,13,/Users/162191/Documents/GitHub/human_patterns_exploration/outputs/masks_gaze_driven/best/IMG_2_unexp_Part_101_MASK_13_point_0.9271.png,659,799,468,522,point,729.0,477.3,Brochure,Brochure,Brochure,Brochure,Brochure,Brochure,Brochure,Brochure,Brochure,Brochure,Brochure,"1. Scene Overview: 
   The image depicts a bright and airy living room with a minimalist and modern design. The room features white walls and flooring, creating a clean and spacious atmosphere. Natural light floods the space through a large window, enhancing the room's brightness.

2. Identified Objects:
   - Sofa: Positioned on the right side of the room, it is white with several cushions in various shades of gray and black.
   - Coffee Table: In front of the sofa, it is white with a lattice design, holding a bowl of fruit and a small plant.
   - Armchair: Located to the left of the sofa, it has a wooden frame and a dark fabric cover.
   - Window: On the left wall, allowing natural light into the room.
   - Radiator: Below the window.
   - Side Table: To the left of the window, holding a lamp and some books.
   - Lamp: On the side table, with a white shade.
   - Chandelier: Hanging from the ceiling, adding an elegant touch.
   - Wall Art: Above the sofa, depicting a famous artwork.
   - Plants: Several potted plants are placed around the room, adding greenery.
   - Rug: A white rug is on the floor in front of the sofa.
   - Magazines: On the wooden table to the right, next to a lamp with a pleated shade."
101,2,/Users/162191/Documents/GitHub/human_patterns_exploration/data/images/2unexp.jpg,3,/Users/162191/Documents/GitHub/human_patterns_exploration/outputs/masks_gaze_driven/best/IMG_2_unexp_Part_101_MASK_3_point_0.9060.png,0,30,384,431,point,19.5,407.6,Poster,Poster,Poster,Poster,Poster,Poster,Poster,Poster,Poster,Poster,Poster,"1. Scene Overview: 
   The image depicts a bright and airy living room with a minimalist and modern design. The room features white walls and flooring, creating a clean and spacious atmosphere. Natural light floods the space through a large window, enhancing the room's brightness.

2. Identified Objects:
   - Sofa: Positioned on the right side of the room, it is white with several cushions in various shades of gray and black.
   - Coffee Table: In front of the sofa, it is white with a lattice design, holding a bowl of fruit and a small plant.
   - Armchair: Located to the left of the sofa, it has a wooden frame and a dark fabric cover.
   - Window: On the left wall, allowing natural light into the room.
   - Radiator: Below the window.
   - Side Table: To the left of the window, holding a lamp and some books.
   - Lamp: On the side table, with a white shade.
   - Chandelier: Hanging from the ceiling, adding an elegant touch.
   - Wall Art: Above the sofa, depicting a famous artwork.
   - Plants: Several potted plants are placed around the room, adding greenery.
   - Rug: A white rug is on the floor in front of the sofa.
   - Magazines: On the wooden table to the right, next to a lamp with a pleated shade."
101,2,/Users/162191/Documents/GitHub/human_patterns_exploration/data/images/2unexp.jpg,11,/Users/162191/Documents/GitHub/human_patterns_exploration/outputs/masks_gaze_driven/best/IMG_2_unexp_Part_101_MASK_11_point_0.8371.png,391,799,8,344,point,546.2,324.9,Painting,Painting,Painting,Painting,[Painting],Painting,Painting,Painting,Painting,Painting,Painting,"1. Scene Overview: 
   The image depicts a bright and airy living room with a minimalist and modern design. The room features white walls and flooring, creating a clean and spacious atmosphere. Natural light floods the space through a large window, enhancing the room's brightness.

2. Identified Objects:
   - Sofa: Positioned on the right side of the room, it is white with several cushions in various shades of gray and black.
   - Coffee Table: In front of the sofa, it is white with a lattice design, holding a bowl of fruit and a small plant.
   - Armchair: Located to the left of the sofa, it has a wooden frame and a dark fabric cover.
   - Window: On the left wall, allowing natural light into the room.
   - Radiator: Below the window.
   - Side Table: To the left of the window, holding a lamp and some books.
   - Lamp: On the side table, with a white shade.
   - Chandelier: Hanging from the ceiling, adding an elegant touch.
   - Wall Art: Above the sofa, depicting a famous artwork.
   - Plants: Several potted plants are placed around the room, adding greenery.
   - Rug: A white rug is on the floor in front of the sofa.
   - Magazines: On the wooden table to the right, next to a lamp with a pleated shade."
101,2,/Users/162191/Documents/GitHub/human_patterns_exploration/data/images/2unexp.jpg,8,/Users/162191/Documents/GitHub/human_patterns_exploration/outputs/masks_gaze_driven/best/IMG_2_unexp_Part_101_MASK_8_point_0.9313.png,659,799,467,522,point,686.5,507.0,Brochure,Brochure,Brochure,Brochure,Brochure,Brochure,Brochure,Brochure,Brochure,Brochure,Brochure,"1. Scene Overview: 
   The image depicts a bright and airy living room with a minimalist and modern design. The room features white walls and flooring, creating a clean and spacious atmosphere. Natural light floods the space through a large window, enhancing the room's brightness.

2. Identified Objects:
   - Sofa: Positioned on the right side of the room, it is white with several cushions in various shades of gray and black.
   - Coffee Table: In front of the sofa, it is white with a lattice design, holding a bowl of fruit and a small plant.
   - Armchair: Located to the left of the sofa, it has a wooden frame and a dark fabric cover.
   - Window: On the left wall, allowing natural light into the room.
   - Radiator: Below the window.
   - Side Table: To the left of the window, holding a lamp and some books.
   - Lamp: On the side table, with a white shade.
   - Chandelier: Hanging from the ceiling, adding an elegant touch.
   - Wall Art: Above the sofa, depicting a famous artwork.
   - Plants: Several potted plants are placed around the room, adding greenery.
   - Rug: A white rug is on the floor in front of the sofa.
   - Magazines: On the wooden table to the right, next to a lamp with a pleated shade."
101,2,/Users/162191/Documents/GitHub/human_patterns_exploration/data/images/2unexp.jpg,12,/Users/162191/Documents/GitHub/human_patterns_exploration/outputs/masks_gaze_driven/best/IMG_2_unexp_Part_101_MASK_12_point_0.8594.png,734,799,298,414,point,768.2,363.4,Plant,Plant,Plant,Plant,Plant,Plant,Plant,Plant,Plant,Plant,Plant,"1. Scene Overview: 
   The image depicts a bright and airy living room with a minimalist and modern design. The room features white walls and flooring, creating a clean and spacious atmosphere. Natural light floods the space through a large window, enhancing the room's brightness.

2. Identified Objects:
   - Sofa: Positioned on the right side of the room, it is white with several cushions in various shades of gray and black.
   - Coffee Table: In front of the sofa, it is white with a lattice design, holding a bowl of fruit and a small plant.
   - Armchair: Located to the left of the sofa, it has a wooden frame and a dark fabric cover.
   - Window: On the left wall, allowing natural light into the room.
   - Radiator: Below the window.
   - Side Table: To the left of the window, holding a lamp and some books.
   - Lamp: On the side table, with a white shade.
   - Chandelier: Hanging from the ceiling, adding an elegant touch.
   - Wall Art: Above the sofa, depicting a famous artwork.
   - Plants: Several potted plants are placed around the room, adding greenery.
   - Rug: A white rug is on the floor in front of the sofa.
   - Magazines: On the wooden table to the right, next to a lamp with a pleated shade."
101,2,/Users/162191/Documents/GitHub/human_patterns_exploration/data/images/2unexp.jpg,10,/Users/162191/Documents/GitHub/human_patterns_exploration/outputs/masks_gaze_driven/best/IMG_2_unexp_Part_101_MASK_10_point_0.8917.png,333,411,0,173,point,354.0,106.7,Chandelier,Chandelier,Chandelier,Chandelier,Chandelier,Chandelier,Chandelier,Chandelier,Chandelier,Chandelier,Chandelier,"1. Scene Overview: 
   The image depicts a bright and airy living room with a minimalist and modern design. The room is predominantly white, with natural light streaming in through a large window. The decor includes a mix of contemporary and classic elements, creating a cozy and inviting atmosphere.

2. Identified Objects:
   - Sofa: Positioned on the right side of the room, adorned with several cushions in white and dark colors.
   - Coffee Table: Located in front of the sofa, featuring a white lattice design. It holds a bowl of fruit and a small plant.
   - Armchair: Situated near the window on the left side, with a dark cushion or cover.
   - Window: Large and white-framed, located on the left wall, allowing natural light into the room.
   - Radiator: Positioned below the window.
   - Wall Art: A painting or print above the sofa depicting two hands reaching towards each other.
   - Chandelier: Hanging from the ceiling in the center of the room, with a classic design.
   - Side Tables: One on the left near the window with a lamp and books, and another on the right with a lamp and magazines.
   - Lamps: Two lamps, one on each side table, with white shades.
   - Plants: Several small potted plants, one on the coffee table and another near the armchair.
   - Rug: A white rug on the floor in front of the sofa and coffee table.
   - Books and Magazines: Placed on the side tables."
101,2,/Users/162191/Documents/GitHub/human_patterns_exploration/data/images/2unexp.jpg,2,/Users/162191/Documents/GitHub/human_patterns_exploration/outputs/masks_gaze_driven/best/IMG_2_unexp_Part_101_MASK_2_point_0.7540.png,173,190,291,303,point,174.6,300.2,Hat,Hat,Hat,Hat,Hat,Hat,Hat,Hat,Hat,Hat,Hat,"1. Scene Overview: 
   The image depicts a bright and airy living room with a minimalist and modern design. The room is predominantly white, with natural light streaming in through a large window. The decor includes a mix of contemporary and classic elements, creating a cozy and inviting atmosphere.

2. Identified Objects:
   - Sofa: Positioned on the right side of the room, adorned with several cushions in white and dark colors.
   - Coffee Table: Located in front of the sofa, featuring a white lattice design. It holds a bowl of fruit and a small plant.
   - Armchair: Situated near the window on the left side, with a dark cushion or cover.
   - Window: Large and white-framed, located on the left wall, allowing natural light into the room.
   - Radiator: Positioned below the window.
   - Wall Art: A painting or print above the sofa depicting two hands reaching towards each other.
   - Chandelier: Hanging from the ceiling in the center of the room, with a classic design.
   - Side Tables: One on the left near the window with a lamp and books, and another on the right with a lamp and magazines.
   - Lamps: Two lamps, one on each side table, with white shades.
   - Plants: Several small potted plants, one on the coffee table and another near the armchair.
   - Rug: A white rug on the floor in front of the sofa and coffee table.
   - Books and Magazines: Placed on the side tables."
101,2,/Users/162191/Documents/GitHub/human_patterns_exploration/data/images/2unexp.jpg,0,/Users/162191/Documents/GitHub/human_patterns_exploration/outputs/masks_gaze_driven/best/IMG_2_unexp_Part_101_MASK_0_point_0.8533.png,392,799,4,347,point,736.2,291.1,[Painting],[Painting],Painting,Painting,[Painting],[Painting],Painting,[Painting],[Painting],[Painting],[Painting],"1. Scene Overview: 
   The image depicts a bright and airy living room with a minimalist and modern design. The room is predominantly white, with natural light streaming in through a large window. The decor includes a mix of contemporary and classic elements, creating a cozy and inviting atmosphere.

2. Identified Objects:
   - Sofa: Positioned on the right side of the room, adorned with several cushions in white and dark colors.
   - Coffee Table: Located in front of the sofa, featuring a white lattice design. It holds a bowl of fruit and a small plant.
   - Armchair: Situated near the window on the left side, with a dark cushion or cover.
   - Window: Large and white-framed, located on the left wall, allowing natural light into the room.
   - Radiator: Positioned below the window.
   - Wall Art: A painting or print above the sofa depicting two hands reaching towards each other.
   - Chandelier: Hanging from the ceiling in the center of the room, with a classic design.
   - Side Tables: One on the left near the window with a lamp and books, and another on the right with a lamp and magazines.
   - Lamps: Two lamps, one on each side table, with white shades.
   - Plants: Several small potted plants, one on the coffee table and another near the armchair.
   - Rug: A white rug on the floor in front of the sofa and coffee table.
   - Books and Magazines: Placed on the side tables."
101,2,/Users/162191/Documents/GitHub/human_patterns_exploration/data/images/2unexp.jpg,7,/Users/162191/Documents/GitHub/human_patterns_exploration/outputs/masks_gaze_driven/best/IMG_2_unexp_Part_101_MASK_7_point_0.7193.png,0,799,4,389,point,712.5,297.7,Chandelier,Chandelier,Chandelier,Chandelier,Chandelier,Chandelier,Chandelier,Chandelier,Chandelier,Chandelier,Chandelier,"1. Scene Overview: 
   The image depicts a bright and airy living room with a minimalist and modern design. The room is predominantly white, with natural light streaming in through a large window. The decor includes a mix of contemporary and classic elements, creating a cozy and inviting atmosphere.

2. Identified Objects:
   - Sofa: Positioned on the right side of the room, adorned with several cushions in white and dark colors.
   - Coffee Table: Located in front of the sofa, featuring a white lattice design. It holds a bowl of fruit and a small plant.
   - Armchair: Situated near the window on the left side, with a dark cushion or cover.
   - Window: Large and white-framed, located on the left wall, allowing natural light into the room.
   - Radiator: Positioned below the window.
   - Wall Art: A painting or print above the sofa depicting two hands reaching towards each other.
   - Chandelier: Hanging from the ceiling in the center of the room, with a classic design.
   - Side Tables: One on the left near the window with a lamp and books, and another on the right with a lamp and magazines.
   - Lamps: Two lamps, one on each side table, with white shades.
   - Plants: Several small potted plants, one on the coffee table and another near the armchair.
   - Rug: A white rug on the floor in front of the sofa and coffee table.
   - Books and Magazines: Placed on the side tables."
101,2,/Users/162191/Documents/GitHub/human_patterns_exploration/data/images/2unexp.jpg,6,/Users/162191/Documents/GitHub/human_patterns_exploration/outputs/masks_gaze_driven/best/IMG_2_unexp_Part_101_MASK_6_point_0.9243.png,333,412,0,173,point,356.2,28.3,Chandelier,Chandelier,Chandelier,Chandelier,Chandelier,Chandelier,Chandelier,Chandelier,Chandelier,Chandelier,Chandelier,"1. Scene Overview: 
   The image depicts a bright and airy living room with a minimalist and modern design. The room is predominantly white, with natural light streaming in through a large window. The decor includes a mix of contemporary and classic elements, creating a cozy and inviting atmosphere.

2. Identified Objects:
   - Sofa: Positioned on the right side of the room, adorned with several cushions in white and dark colors.
   - Coffee Table: Located in front of the sofa, featuring a white lattice design. It holds a bowl of fruit and a small plant.
   - Armchair: Situated near the window on the left side, with a dark cushion or cover.
   - Window: Large and white-framed, located on the left wall, allowing natural light into the room.
   - Radiator: Positioned below the window.
   - Wall Art: A painting or print above the sofa depicting two hands reaching towards each other.
   - Chandelier: Hanging from the ceiling in the center of the room, with a classic design.
   - Side Tables: One on the left near the window with a lamp and books, and another on the right with a lamp and magazines.
   - Lamps: Two lamps, one on each side table, with white shades.
   - Plants: Several small potted plants, one on the coffee table and another near the armchair.
   - Rug: A white rug on the floor in front of the sofa and coffee table.
   - Books and Magazines: Placed on the side tables."
101,2,/Users/162191/Documents/GitHub/human_patterns_exploration/data/images/2unexp.jpg,5,/Users/162191/Documents/GitHub/human_patterns_exploration/outputs/masks_gaze_driven/best/IMG_2_unexp_Part_101_MASK_5_circle_0.7433.png,0,325,27,114,circle,172.1,74.6,Molding,Molding,Molding,Molding,Molding,Molding,Molding,Molding,Molding,Molding,Molding,"1. Scene Overview: 
   The image depicts a bright and airy living room with a minimalist and modern design. The room is predominantly white, with natural light streaming in through a large window. The decor includes a mix of contemporary and classic elements, creating a cozy and inviting atmosphere.

2. Identified Objects:
   - Sofa: Positioned on the right side of the room, adorned with several cushions in white and dark colors.
   - Coffee Table: Located in front of the sofa, featuring a white lattice design. It holds a bowl of fruit and a small plant.
   - Armchair: Situated near the window on the left side, with a dark cushion or cover.
   - Window: Large and white-framed, located on the left wall, allowing natural light into the room.
   - Radiator: Positioned below the window.
   - Wall Art: A painting or print above the sofa depicting two hands reaching towards each other.
   - Chandelier: Hanging from the ceiling in the center of the room, with a classic design.
   - Side Tables: One on the left near the window with a lamp and books, and another on the right with a lamp and magazines.
   - Lamps: Two lamps, one on each side table, with white shades.
   - Plants: Several small potted plants, one on the coffee table and another near the armchair.
   - Rug: A white rug on the floor in front of the sofa and coffee table.
   - Books and Magazines: Placed on the side tables."
101,2,/Users/162191/Documents/GitHub/human_patterns_exploration/data/images/2unexp.jpg,9,/Users/162191/Documents/GitHub/human_patterns_exploration/outputs/masks_gaze_driven/best/IMG_2_unexp_Part_101_MASK_9_point_0.9117.png,0,735,0,109,point,329.4,84.9,Chandelier,[Chandelier],Chandelier,[Chandelier],Chandelier,Chandelier,Chandelier,Chandelier,Chandelier,Chandelier,Chandelier,"1. Scene Overview: 
   The image depicts a bright and airy living room with a minimalist and modern design. The room is predominantly white, with natural light streaming in through a large window. The decor includes a mix of contemporary and classic elements, creating a cozy and inviting atmosphere.

2. Identified Objects:
   - Sofa: Positioned on the right side of the room, adorned with several cushions in white and dark colors.
   - Coffee Table: Located in front of the sofa, featuring a white lattice design. It holds a bowl of fruit and a small plant.
   - Armchair: Situated near the window on the left side, with a dark cushion or cover.
   - Window: Large and white-framed, located on the left wall, allowing natural light into the room.
   - Radiator: Positioned below the window.
   - Wall Art: A painting or print above the sofa depicting two hands reaching towards each other.
   - Chandelier: Hanging from the ceiling in the center of the room, with a classic design.
   - Side Tables: One on the left near the window with a lamp and books, and another on the right with a lamp and magazines.
   - Lamps: Two lamps, one on each side table, with white shades.
   - Plants: Several small potted plants, one on the coffee table and another near the armchair.
   - Rug: A white rug on the floor in front of the sofa and coffee table.
   - Books and Magazines: Placed on the side tables."
101,2,/Users/162191/Documents/GitHub/human_patterns_exploration/data/images/2unexp.jpg,1,/Users/162191/Documents/GitHub/human_patterns_exploration/outputs/masks_gaze_driven/best/IMG_2_unexp_Part_101_MASK_1_cross_0.4550.png,306,393,118,350,cross,317.1,152.0,Chandelier,Chandelier,Chandelier,Chandelier,Chandelier,Chandelier,Chandelier,Chandelier,Chandelier,Chandelier,Chandelier,"1. Scene Overview: 
   The image depicts a bright and airy living room with a minimalist and modern design. The room is predominantly white, with natural light streaming in through a large window. The decor includes a mix of contemporary and classic elements, creating a cozy and inviting atmosphere.

2. Identified Objects:
   - Sofa: Positioned on the right side of the room, adorned with several cushions in white and dark colors.
   - Coffee Table: Located in front of the sofa, featuring a white lattice design. It holds a bowl of fruit and a small plant.
   - Armchair: Situated near the window on the left side, with a dark cushion or cover.
   - Window: Large and white-framed, located on the left wall, allowing natural light into the room.
   - Radiator: Positioned below the window.
   - Wall Art: A painting or print above the sofa depicting two hands reaching towards each other.
   - Chandelier: Hanging from the ceiling in the center of the room, with a classic design.
   - Side Tables: One on the left near the window with a lamp and books, and another on the right with a lamp and magazines.
   - Lamps: Two lamps, one on each side table, with white shades.
   - Plants: Several small potted plants, one on the coffee table and another near the armchair.
   - Rug: A white rug on the floor in front of the sofa and coffee table.
   - Books and Magazines: Placed on the side tables."
101,2,/Users/162191/Documents/GitHub/human_patterns_exploration/data/images/2unexp.jpg,4,/Users/162191/Documents/GitHub/human_patterns_exploration/outputs/masks_gaze_driven/best/IMG_2_unexp_Part_101_MASK_4_point_0.9196.png,114,192,213,346,point,170.3,267.3,[Bread],Bird,[Bird],[Lamp],[Bird],[Bird],[Bird],[Bird],Bird,[Bird],[Bird],"1. Scene Overview: 
   The image depicts a bright and airy living room with a minimalist and modern design. The room is predominantly white, with natural light streaming in through a large window. The decor includes a mix of contemporary and classic elements, creating a cozy and inviting atmosphere.

2. Identified Objects:
   - Sofa: Positioned on the right side of the room, adorned with several cushions in white and dark colors.
   - Coffee Table: Located in front of the sofa, featuring a white lattice design. It holds a bowl of fruit and a small plant.
   - Armchair: Situated near the window on the left side, with a dark cushion or cover.
   - Window: Large and white-framed, located on the left wall, allowing natural light into the room.
   - Radiator: Positioned below the window.
   - Wall Art: A painting or print above the sofa depicting two hands reaching towards each other.
   - Chandelier: Hanging from the ceiling in the center of the room, with a classic design.
   - Side Tables: One on the left near the window with a lamp and books, and another on the right with a lamp and magazines.
   - Lamps: Two lamps, one on each side table, with white shades.
   - Plants: Several small potted plants, one on the coffee table and another near the armchair.
   - Rug: A white rug on the floor in front of the sofa and coffee table.
   - Books and Magazines: Placed on the side tables."
101,2,/Users/162191/Documents/GitHub/human_patterns_exploration/data/images/2unexp.jpg,13,/Users/162191/Documents/GitHub/human_patterns_exploration/outputs/masks_gaze_driven/best/IMG_2_unexp_Part_101_MASK_13_point_0.9271.png,659,799,468,522,point,729.0,477.3,Brochure,Brochure,Brochure,Brochure,Brochure,Brochure,Brochure,Brochure,Brochure,Brochure,Brochure,"1. Scene Overview: 
   The image depicts a bright and airy living room with a minimalist and modern design. The room is predominantly white, with natural light streaming in through a large window. The decor includes a mix of contemporary and classic elements, creating a cozy and inviting atmosphere.

2. Identified Objects:
   - Sofa: Positioned on the right side of the room, adorned with several cushions in white and dark colors.
   - Coffee Table: Located in front of the sofa, featuring a white lattice design. It holds a bowl of fruit and a small plant.
   - Armchair: Situated near the window on the left side, with a dark cushion or cover.
   - Window: Large and white-framed, located on the left wall, allowing natural light into the room.
   - Radiator: Positioned below the window.
   - Wall Art: A painting or print above the sofa depicting two hands reaching towards each other.
   - Chandelier: Hanging from the ceiling in the center of the room, with a classic design.
   - Side Tables: One on the left near the window with a lamp and books, and another on the right with a lamp and magazines.
   - Lamps: Two lamps, one on each side table, with white shades.
   - Plants: Several small potted plants, one on the coffee table and another near the armchair.
   - Rug: A white rug on the floor in front of the sofa and coffee table.
   - Books and Magazines: Placed on the side tables."
101,2,/Users/162191/Documents/GitHub/human_patterns_exploration/data/images/2unexp.jpg,3,/Users/162191/Documents/GitHub/human_patterns_exploration/outputs/masks_gaze_driven/best/IMG_2_unexp_Part_101_MASK_3_point_0.9060.png,0,30,384,431,point,19.5,407.6,Poster,Poster,Poster,Poster,Poster,Poster,Poster,Poster,Poster,Poster,Poster,"1. Scene Overview: 
   The image depicts a bright and airy living room with a minimalist and modern design. The room is predominantly white, with natural light streaming in through a large window. The decor includes a mix of contemporary and classic elements, creating a cozy and inviting atmosphere.

2. Identified Objects:
   - Sofa: Positioned on the right side of the room, adorned with several cushions in white and dark colors.
   - Coffee Table: Located in front of the sofa, featuring a white lattice design. It holds a bowl of fruit and a small plant.
   - Armchair: Situated near the window on the left side, with a dark cushion or cover.
   - Window: Large and white-framed, located on the left wall, allowing natural light into the room.
   - Radiator: Positioned below the window.
   - Wall Art: A painting or print above the sofa depicting two hands reaching towards each other.
   - Chandelier: Hanging from the ceiling in the center of the room, with a classic design.
   - Side Tables: One on the left near the window with a lamp and books, and another on the right with a lamp and magazines.
   - Lamps: Two lamps, one on each side table, with white shades.
   - Plants: Several small potted plants, one on the coffee table and another near the armchair.
   - Rug: A white rug on the floor in front of the sofa and coffee table.
   - Books and Magazines: Placed on the side tables."
101,2,/Users/162191/Documents/GitHub/human_patterns_exploration/data/images/2unexp.jpg,11,/Users/162191/Documents/GitHub/human_patterns_exploration/outputs/masks_gaze_driven/best/IMG_2_unexp_Part_101_MASK_11_point_0.8371.png,391,799,8,344,point,546.2,324.9,Painting,Painting,Painting,Painting,Painting,Painting,Painting,Painting,Painting,Painting,Painting,"1. Scene Overview: 
   The image depicts a bright and airy living room with a minimalist and modern design. The room is predominantly white, with natural light streaming in through a large window. The decor includes a mix of contemporary and classic elements, creating a cozy and inviting atmosphere.

2. Identified Objects:
   - Sofa: Positioned on the right side of the room, adorned with several cushions in white and dark colors.
   - Coffee Table: Located in front of the sofa, featuring a white lattice design. It holds a bowl of fruit and a small plant.
   - Armchair: Situated near the window on the left side, with a dark cushion or cover.
   - Window: Large and white-framed, located on the left wall, allowing natural light into the room.
   - Radiator: Positioned below the window.
   - Wall Art: A painting or print above the sofa depicting two hands reaching towards each other.
   - Chandelier: Hanging from the ceiling in the center of the room, with a classic design.
   - Side Tables: One on the left near the window with a lamp and books, and another on the right with a lamp and magazines.
   - Lamps: Two lamps, one on each side table, with white shades.
   - Plants: Several small potted plants, one on the coffee table and another near the armchair.
   - Rug: A white rug on the floor in front of the sofa and coffee table.
   - Books and Magazines: Placed on the side tables."
101,2,/Users/162191/Documents/GitHub/human_patterns_exploration/data/images/2unexp.jpg,8,/Users/162191/Documents/GitHub/human_patterns_exploration/outputs/masks_gaze_driven/best/IMG_2_unexp_Part_101_MASK_8_point_0.9313.png,659,799,467,522,point,686.5,507.0,Brochure,Brochure,Brochure,Brochure,Brochure,Brochure,Brochure,Brochure,Brochure,Brochure,Brochure,"1. Scene Overview: 
   The image depicts a bright and airy living room with a minimalist and modern design. The room is predominantly white, with natural light streaming in through a large window. The decor includes a mix of contemporary and classic elements, creating a cozy and inviting atmosphere.

2. Identified Objects:
   - Sofa: Positioned on the right side of the room, adorned with several cushions in white and dark colors.
   - Coffee Table: Located in front of the sofa, featuring a white lattice design. It holds a bowl of fruit and a small plant.
   - Armchair: Situated near the window on the left side, with a dark cushion or cover.
   - Window: Large and white-framed, located on the left wall, allowing natural light into the room.
   - Radiator: Positioned below the window.
   - Wall Art: A painting or print above the sofa depicting two hands reaching towards each other.
   - Chandelier: Hanging from the ceiling in the center of the room, with a classic design.
   - Side Tables: One on the left near the window with a lamp and books, and another on the right with a lamp and magazines.
   - Lamps: Two lamps, one on each side table, with white shades.
   - Plants: Several small potted plants, one on the coffee table and another near the armchair.
   - Rug: A white rug on the floor in front of the sofa and coffee table.
   - Books and Magazines: Placed on the side tables."
101,2,/Users/162191/Documents/GitHub/human_patterns_exploration/data/images/2unexp.jpg,12,/Users/162191/Documents/GitHub/human_patterns_exploration/outputs/masks_gaze_driven/best/IMG_2_unexp_Part_101_MASK_12_point_0.8594.png,734,799,298,414,point,768.2,363.4,Plant,Plant,Plant,Plant,Plant,Plant,Plant,Plant,Plant,Plant,Plant,"1. Scene Overview: 
   The image depicts a bright and airy living room with a minimalist and modern design. The room is predominantly white, with natural light streaming in through a large window. The decor includes a mix of contemporary and classic elements, creating a cozy and inviting atmosphere.

2. Identified Objects:
   - Sofa: Positioned on the right side of the room, adorned with several cushions in white and dark colors.
   - Coffee Table: Located in front of the sofa, featuring a white lattice design. It holds a bowl of fruit and a small plant.
   - Armchair: Situated near the window on the left side, with a dark cushion or cover.
   - Window: Large and white-framed, located on the left wall, allowing natural light into the room.
   - Radiator: Positioned below the window.
   - Wall Art: A painting or print above the sofa depicting two hands reaching towards each other.
   - Chandelier: Hanging from the ceiling in the center of the room, with a classic design.
   - Side Tables: One on the left near the window with a lamp and books, and another on the right with a lamp and magazines.
   - Lamps: Two lamps, one on each side table, with white shades.
   - Plants: Several small potted plants, one on the coffee table and another near the armchair.
   - Rug: A white rug on the floor in front of the sofa and coffee table.
   - Books and Magazines: Placed on the side tables."
